-- phpMyAdmin SQL Dump
-- version 5.2.0
-- https://www.phpmyadmin.net/
--
-- Hôte : 127.0.0.1:3306
-- Généré le : mer. 29 mars 2023 à 21:18
-- Version du serveur : 8.0.31
-- Version de PHP : 8.0.26

SET SQL_MODE = "NO_AUTO_VALUE_ON_ZERO";
START TRANSACTION;
SET time_zone = "+00:00";


/*!40101 SET @OLD_CHARACTER_SET_CLIENT=@@CHARACTER_SET_CLIENT */;
/*!40101 SET @OLD_CHARACTER_SET_RESULTS=@@CHARACTER_SET_RESULTS */;
/*!40101 SET @OLD_COLLATION_CONNECTION=@@COLLATION_CONNECTION */;
/*!40101 SET NAMES utf8mb4 */;

--
-- Base de données : `projet`
--

-- --------------------------------------------------------

--
-- Structure de la table `aliments`
--

DROP TABLE IF EXISTS `aliments`;
CREATE TABLE IF NOT EXISTS `aliments` (
  `id` int NOT NULL AUTO_INCREMENT,
  `nom` varchar(125) COLLATE utf8mb4_general_ci DEFAULT NULL,
  `id_type` int DEFAULT NULL,
  PRIMARY KEY (`id`),
  KEY `APPARTIENT` (`id_type`)
) ENGINE=InnoDB AUTO_INCREMENT=6143 DEFAULT CHARSET=utf8mb4 COLLATE=utf8mb4_general_ci;

--
-- Déchargement des données de la table `aliments`
--

INSERT INTO `aliments` (`id`, `nom`, `id_type`) VALUES
(2048, '2', 1),
(2049, '3', 1),
(2050, '4', 1),
(2051, '5', 1),
(2052, '6', 1),
(2053, '7', 1),
(2054, '8', 1),
(2055, '9', 1),
(2056, '10', 1),
(2057, '11', 1),
(2058, '12', 1),
(2059, '13', 1),
(2060, '14', 1),
(2061, '15', 1),
(2062, '16', 1),
(2063, '17', 1),
(2064, '18', 1),
(2065, '19', 1),
(2066, '20', 1),
(2067, '21', 1),
(2068, '22', 1),
(2069, '23', 1),
(2070, '24', 1),
(2071, '25', 1),
(2072, '26', 1),
(2073, '27', 1),
(2074, '28', 1),
(2075, '29', 1),
(2076, '30', 1),
(2077, '31', 1),
(2078, '32', 1),
(2079, '33', 1),
(2080, '34', 1),
(2081, '35', 1),
(2082, '36', 1),
(2083, '37', 1),
(2084, '38', 1),
(2085, '39', 1),
(2086, '40', 1),
(2087, '41', 1),
(2088, '42', 1),
(2089, '43', 1),
(2090, '44', 1),
(2091, '45', 1),
(2092, '46', 1),
(2093, '47', 1),
(2094, '48', 1),
(2095, '49', 1),
(2096, '50', 1),
(2097, '51', 1),
(2098, '52', 1),
(2099, '53', 1),
(2100, '54', 1),
(2101, '55', 1),
(2102, '56', 1),
(2103, '57', 1),
(2104, '58', 1),
(2105, '59', 1),
(2106, '60', 1),
(2107, '61', 1),
(2108, '62', 1),
(2109, '63', 1),
(2110, '64', 1),
(2111, '65', 1),
(2112, '66', 1),
(2113, '67', 1),
(2114, '68', 1),
(2115, '69', 1),
(2116, '70', 1),
(2117, '71', 1),
(2118, '72', 1),
(2119, '73', 1),
(2120, '74', 1),
(2121, '75', 1),
(2122, '76', 1),
(2123, '77', 1),
(2124, '78', 1),
(2125, '79', 1),
(2126, '80', 1),
(2127, '81', 1),
(2128, '82', 1),
(2129, '83', 1),
(2130, '84', 1),
(2131, '85', 1),
(2132, '86', 1),
(2133, '87', 1),
(2134, '88', 1),
(2135, '89', 1),
(2136, '90', 1),
(2137, '91', 1),
(2138, '92', 1),
(2139, '93', 1),
(2140, '94', 1),
(2141, '95', 1),
(2142, '96', 1),
(2143, '97', 1),
(2144, '98', 1),
(2145, '99', 1),
(2146, '100', 1),
(2147, '101', 1),
(2148, '102', 1),
(2149, '103', 1),
(2150, '104', 1),
(2151, '105', 1),
(2152, '106', 1),
(2153, '107', 1),
(2154, '108', 1),
(2155, '109', 1),
(2156, '110', 1),
(2157, '111', 1),
(2158, '112', 1),
(2159, '113', 1),
(2160, '114', 1),
(2161, '115', 1),
(2162, '116', 1),
(2163, '117', 1),
(2164, '118', 1),
(2165, '119', 1),
(2166, '120', 1),
(2167, '121', 1),
(2168, '122', 1),
(2169, '123', 1),
(2170, '124', 1),
(2171, '125', 1),
(2172, '126', 1),
(2173, '127', 1),
(2174, '128', 1),
(2175, '129', 1),
(2176, '130', 1),
(2177, '131', 1),
(2178, '132', 1),
(2179, '133', 1),
(2180, '134', 1),
(2181, '135', 1),
(2182, '136', 1),
(2183, '137', 1),
(2184, '138', 1),
(2185, '139', 1),
(2186, '140', 1),
(2187, '141', 1),
(2188, '142', 1),
(2189, '143', 1),
(2190, '144', 1),
(2191, '145', 1),
(2192, '146', 1),
(2193, '147', 1),
(2194, '148', 1),
(2195, '149', 1),
(2196, '150', 1),
(2197, '151', 1),
(2198, '152', 1),
(2199, '153', 1),
(2200, '154', 1),
(2201, '155', 1),
(2202, '156', 1),
(2203, '157', 1),
(2204, '158', 1),
(2205, '159', 1),
(2206, '160', 1),
(2207, '161', 1),
(2208, '162', 1),
(2209, '163', 1),
(2210, '164', 1),
(2211, '165', 1),
(2212, '166', 1),
(2213, '167', 1),
(2214, '168', 1),
(2215, '169', 1),
(2216, '170', 1),
(2217, '171', 1),
(2218, '172', 1),
(2219, '173', 1),
(2220, '174', 1),
(2221, '175', 1),
(2222, '176', 1),
(2223, '177', 1),
(2224, '178', 1),
(2225, '179', 1),
(2226, '180', 1),
(2227, '181', 1),
(2228, '182', 1),
(2229, '183', 1),
(2230, '184', 1),
(2231, '185', 1),
(2232, '186', 1),
(2233, '187', 1),
(2234, '188', 1),
(2235, '189', 1),
(2236, '190', 1),
(2237, '191', 1),
(2238, '192', 1),
(2239, '193', 1),
(2240, '194', 1),
(2241, '195', 1),
(2242, '196', 1),
(2243, '197', 1),
(2244, '198', 1),
(2245, '199', 1),
(2246, '200', 1),
(2247, '201', 1),
(2248, '202', 1),
(2249, '203', 1),
(2250, '204', 1),
(2251, '205', 1),
(2252, '206', 1),
(2253, '207', 1),
(2254, '208', 1),
(2255, '209', 1),
(2256, '210', 1),
(2257, '211', 1),
(2258, '212', 1),
(2259, '213', 1),
(2260, '214', 1),
(2261, '215', 1),
(2262, '216', 1),
(2263, '217', 1),
(2264, '218', 1),
(2265, '219', 1),
(2266, '220', 1),
(2267, '221', 1),
(2268, '222', 1),
(2269, '223', 1),
(2270, '224', 1),
(2271, '225', 1),
(2272, '226', 1),
(2273, '227', 1),
(2274, '228', 1),
(2275, '229', 1),
(2276, '230', 1),
(2277, '231', 1),
(2278, '232', 1),
(2279, '233', 1),
(2280, '234', 1),
(2281, '235', 1),
(2282, '236', 1),
(2283, '237', 1),
(2284, '238', 1),
(2285, '239', 1),
(2286, '240', 1),
(2287, '241', 1),
(2288, '242', 1),
(2289, '243', 1),
(2290, '244', 1),
(2291, '245', 1),
(2292, '246', 1),
(2293, '247', 1),
(2294, '248', 1),
(2295, '249', 1),
(2296, '250', 1),
(2297, '251', 1),
(2298, '252', 1),
(2299, '253', 1),
(2300, '254', 1),
(2301, '255', 1),
(2302, '256', 1),
(2303, '257', 1),
(2304, '258', 1),
(2305, '259', 1),
(2306, '260', 1),
(2307, '261', 1),
(2308, '262', 1),
(2309, '263', 1),
(2310, '264', 1),
(2311, '265', 1),
(2312, '266', 1),
(2313, '267', 1),
(2314, '268', 1),
(2315, '269', 1),
(2316, '270', 1),
(2317, '271', 1),
(2318, '272', 1),
(2319, '273', 1),
(2320, '274', 1),
(2321, '275', 1),
(2322, '276', 1),
(2323, '277', 1),
(2324, '278', 1),
(2325, '279', 1),
(2326, '280', 1),
(2327, '281', 1),
(2328, '282', 1),
(2329, '283', 1),
(2330, '284', 1),
(2331, '285', 1),
(2332, '286', 1),
(2333, '287', 1),
(2334, '288', 1),
(2335, '289', 1),
(2336, '290', 1),
(2337, '291', 1),
(2338, '292', 1),
(2339, '293', 1),
(2340, '294', 1),
(2341, '295', 1),
(2342, '296', 1),
(2343, '297', 1),
(2344, '298', 1),
(2345, '299', 1),
(2346, '300', 1),
(2347, '301', 1),
(2348, '302', 1),
(2349, '303', 1),
(2350, '304', 1),
(2351, '305', 1),
(2352, '306', 1),
(2353, '307', 1),
(2354, '308', 1),
(2355, '309', 1),
(2356, '310', 1),
(2357, '311', 1),
(2358, '312', 1),
(2359, '313', 1),
(2360, '314', 1),
(2361, '315', 1),
(2362, '316', 1),
(2363, '317', 1),
(2364, '318', 1),
(2365, '319', 1),
(2366, '320', 1),
(2367, '321', 1),
(2368, '322', 1),
(2369, '323', 1),
(2370, '324', 1),
(2371, '325', 1),
(2372, '326', 1),
(2373, '327', 1),
(2374, '328', 1),
(2375, '329', 1),
(2376, '330', 1),
(2377, '331', 1),
(2378, '332', 1),
(2379, '333', 1),
(2380, '334', 1),
(2381, '335', 1),
(2382, '336', 1),
(2383, '337', 1),
(2384, '338', 1),
(2385, '339', 2),
(2386, '340', 2),
(2387, '341', 2),
(2388, '342', 2),
(2389, '343', 2),
(2390, '344', 2),
(2391, '345', 2),
(2392, '346', 2),
(2393, '347', 2),
(2394, '348', 2),
(2395, '349', 2),
(2396, '350', 2),
(2397, '351', 2),
(2398, '352', 2),
(2399, '353', 2),
(2400, '354', 2),
(2401, '355', 2),
(2402, '356', 2),
(2403, '357', 2),
(2404, '358', 2),
(2405, '359', 2),
(2406, '360', 2),
(2407, '361', 2),
(2408, '362', 2),
(2409, '363', 2),
(2410, '364', 2),
(2411, '365', 2),
(2412, '366', 2),
(2413, '367', 2),
(2414, '368', 2),
(2415, '369', 2),
(2416, '370', 2),
(2417, '371', 2),
(2418, '372', 2),
(2419, '373', 2),
(2420, '374', 2),
(2421, '375', 2),
(2422, '376', 2),
(2423, '377', 2),
(2424, '378', 2),
(2425, '379', 2),
(2426, '380', 2),
(2427, '381', 2),
(2428, '382', 2),
(2429, '383', 2),
(2430, '384', 2),
(2431, '385', 2),
(2432, '386', 2),
(2433, '387', 2),
(2434, '388', 2),
(2435, '389', 2),
(2436, '390', 2),
(2437, '391', 2),
(2438, '392', 2),
(2439, '393', 2),
(2440, '394', 2),
(2441, '395', 2),
(2442, '396', 2),
(2443, '397', 2),
(2444, '398', 2),
(2445, '399', 2),
(2446, '400', 2),
(2447, '401', 2),
(2448, '402', 2),
(2449, '403', 2),
(2450, '404', 2),
(2451, '405', 2),
(2452, '406', 2),
(2453, '407', 2),
(2454, '408', 2),
(2455, '409', 2),
(2456, '410', 2),
(2457, '411', 2),
(2458, '412', 2),
(2459, '413', 2),
(2460, '414', 2),
(2461, '415', 2),
(2462, '416', 2),
(2463, '417', 2),
(2464, '418', 2),
(2465, '419', 2),
(2466, '420', 2),
(2467, '421', 2),
(2468, '422', 2),
(2469, '423', 2),
(2470, '424', 2),
(2471, '425', 2),
(2472, '426', 2),
(2473, '427', 2),
(2474, '428', 2),
(2475, '429', 2),
(2476, '430', 2),
(2477, '431', 2),
(2478, '432', 2),
(2479, '433', 2),
(2480, '434', 2),
(2481, '435', 2),
(2482, '436', 2),
(2483, '437', 2),
(2484, '438', 2),
(2485, '439', 2),
(2486, '440', 2),
(2487, '441', 2),
(2488, '442', 2),
(2489, '443', 2),
(2490, '444', 2),
(2491, '445', 2),
(2492, '446', 2),
(2493, '447', 2),
(2494, '448', 2),
(2495, '449', 2),
(2496, '450', 2),
(2497, '451', 2),
(2498, '452', 2),
(2499, '453', 2),
(2500, '454', 2),
(2501, '455', 2),
(2502, '456', 2),
(2503, '457', 2),
(2504, '458', 2),
(2505, '459', 2),
(2506, '460', 2),
(2507, '461', 2),
(2508, '462', 2),
(2509, '463', 2),
(2510, '464', 2),
(2511, '465', 2),
(2512, '466', 2),
(2513, '467', 2),
(2514, '468', 2),
(2515, '469', 2),
(2516, '470', 2),
(2517, '471', 2),
(2518, '472', 2),
(2519, '473', 2),
(2520, '474', 2),
(2521, '475', 2),
(2522, '476', 2),
(2523, '477', 2),
(2524, '478', 2),
(2525, '479', 2),
(2526, '480', 2),
(2527, '481', 2),
(2528, '482', 2),
(2529, '483', 2),
(2530, '484', 2),
(2531, '485', 2),
(2532, '486', 2),
(2533, '487', 2),
(2534, '488', 2),
(2535, '489', 2),
(2536, '490', 2),
(2537, '491', 2),
(2538, '492', 2),
(2539, '493', 2),
(2540, '494', 2),
(2541, '495', 2),
(2542, '496', 2),
(2543, '497', 2),
(2544, '498', 2),
(2545, '499', 2),
(2546, '500', 2),
(2547, '501', 2),
(2548, '502', 2),
(2549, '503', 2),
(2550, '504', 2),
(2551, '505', 2),
(2552, '506', 2),
(2553, '507', 2),
(2554, '508', 2),
(2555, '509', 2),
(2556, '510', 2),
(2557, '511', 2),
(2558, '512', 2),
(2559, '513', 2),
(2560, '514', 2),
(2561, '515', 2),
(2562, '516', 2),
(2563, '517', 2),
(2564, '518', 2),
(2565, '519', 2),
(2566, '520', 2),
(2567, '521', 2),
(2568, '522', 2),
(2569, '523', 2),
(2570, '524', 2),
(2571, '525', 2),
(2572, '526', 2),
(2573, '527', 2),
(2574, '528', 2),
(2575, '529', 2),
(2576, '530', 2),
(2577, '531', 2),
(2578, '532', 2),
(2579, '533', 2),
(2580, '534', 2),
(2581, '535', 2),
(2582, '536', 2),
(2583, '537', 2),
(2584, '538', 2),
(2585, '539', 2),
(2586, '540', 2),
(2587, '541', 2),
(2588, '542', 2),
(2589, '543', 2),
(2590, '544', 2),
(2591, '545', 2),
(2592, '546', 2),
(2593, '547', 2),
(2594, '548', 2),
(2595, '549', 2),
(2596, '550', 2),
(2597, '551', 2),
(2598, '552', 2),
(2599, '553', 2),
(2600, '554', 2),
(2601, '555', 2),
(2602, '556', 2),
(2603, '557', 2),
(2604, '558', 2),
(2605, '559', 2),
(2606, '560', 2),
(2607, '561', 2),
(2608, '562', 2),
(2609, '563', 2),
(2610, '564', 2),
(2611, '565', 2),
(2612, '566', 2),
(2613, '567', 2),
(2614, '568', 2),
(2615, '569', 2),
(2616, '570', 2),
(2617, '571', 2),
(2618, '572', 2),
(2619, '573', 2),
(2620, '574', 2),
(2621, '575', 2),
(2622, '576', 2),
(2623, '577', 2),
(2624, '578', 2),
(2625, '579', 2),
(2626, '580', 2),
(2627, '581', 2),
(2628, '582', 2),
(2629, '583', 2),
(2630, '584', 2),
(2631, '585', 2),
(2632, '586', 2),
(2633, '587', 2),
(2634, '588', 2),
(2635, '589', 2),
(2636, '590', 2),
(2637, '591', 2),
(2638, '592', 2),
(2639, '593', 2),
(2640, '594', 2),
(2641, '595', 2),
(2642, '596', 2),
(2643, '597', 2),
(2644, '598', 2),
(2645, '599', 2),
(2646, '600', 2),
(2647, '601', 2),
(2648, '602', 2),
(2649, '603', 2),
(2650, '604', 2),
(2651, '605', 2),
(2652, '606', 2),
(2653, '607', 2),
(2654, '608', 2),
(2655, '609', 2),
(2656, '610', 2),
(2657, '611', 2),
(2658, '612', 2),
(2659, '613', 2),
(2660, '614', 2),
(2661, '615', 2),
(2662, '616', 2),
(2663, '617', 2),
(2664, '618', 2),
(2665, '619', 2),
(2666, '620', 2),
(2667, '621', 2),
(2668, '622', 2),
(2669, '623', 2),
(2670, '624', 2),
(2671, '625', 2),
(2672, '626', 2),
(2673, '627', 2),
(2674, '628', 2),
(2675, '629', 2),
(2676, '630', 2),
(2677, '631', 2),
(2678, '632', 2),
(2679, '633', 2),
(2680, '634', 2),
(2681, '635', 2),
(2682, '636', 2),
(2683, '637', 2),
(2684, '638', 2),
(2685, '639', 2),
(2686, '640', 2),
(2687, '641', 2),
(2688, '642', 2),
(2689, '643', 2),
(2690, '644', 2),
(2691, '645', 2),
(2692, '646', 2),
(2693, '647', 2),
(2694, '648', 2),
(2695, '649', 2),
(2696, '650', 2),
(2697, '651', 2),
(2698, '652', 2),
(2699, '653', 2),
(2700, '654', 2),
(2701, '655', 2),
(2702, '656', 2),
(2703, '657', 2),
(2704, '658', 2),
(2705, '659', 2),
(2706, '660', 2),
(2707, '661', 2),
(2708, '662', 2),
(2709, '663', 2),
(2710, '664', 2),
(2711, '665', 2),
(2712, '666', 2),
(2713, '667', 2),
(2714, '668', 2),
(2715, '669', 2),
(2716, '670', 2),
(2717, '671', 2),
(2718, '672', 2),
(2719, '673', 2),
(2720, '674', 2),
(2721, '675', 2),
(2722, '676', 2),
(2723, '677', 2),
(2724, '678', 2),
(2725, '679', 2),
(2726, '680', 2),
(2727, '681', 2),
(2728, '682', 2),
(2729, '683', 2),
(2730, '684', 2),
(2731, '685', 2),
(2732, '686', 2),
(2733, '687', 2),
(2734, '688', 2),
(2735, '689', 2),
(2736, '690', 2),
(2737, '691', 2),
(2738, '692', 2),
(2739, '693', 2),
(2740, '694', 2),
(2741, '695', 2),
(2742, '696', 2),
(2743, '697', 2),
(2744, '698', 2),
(2745, '699', 2),
(2746, '700', 2),
(2747, '701', 2),
(2748, '702', 2),
(2749, '703', 2),
(2750, '704', 2),
(2751, '705', 2),
(2752, '706', 2),
(2753, '707', 2),
(2754, '708', 2),
(2755, '709', 2),
(2756, '710', 2),
(2757, '711', 2),
(2758, '712', 2),
(2759, '713', 2),
(2760, '714', 2),
(2761, '715', 2),
(2762, '716', 2),
(2763, '717', 2),
(2764, '718', 2),
(2765, '719', 2),
(2766, '720', 2),
(2767, '721', 2),
(2768, '722', 2),
(2769, '723', 2),
(2770, '724', 2),
(2771, '725', 2),
(2772, '726', 2),
(2773, '727', 2),
(2774, '728', 2),
(2775, '729', 2),
(2776, '730', 2),
(2777, '731', 2),
(2778, '732', 2),
(2779, '733', 2),
(2780, '734', 2),
(2781, '735', 2),
(2782, '736', 2),
(2783, '737', 2),
(2784, '738', 2),
(2785, '739', 2),
(2786, '740', 2),
(2787, '741', 2),
(2788, '742', 2),
(2789, '743', 2),
(2790, '744', 2),
(2791, '745', 2),
(2792, '746', 2),
(2793, '747', 2),
(2794, '748', 2),
(2795, '749', 2),
(2796, '750', 2),
(2797, '751', 2),
(2798, '752', 2),
(2799, '753', 2),
(2800, '754', 2),
(2801, '755', 2),
(2802, '756', 2),
(2803, '757', 2),
(2804, '758', 2),
(2805, '759', 2),
(2806, '760', 2),
(2807, '761', 2),
(2808, '762', 2),
(2809, '763', 2),
(2810, '764', 2),
(2811, '765', 2),
(2812, '766', 2),
(2813, '767', 2),
(2814, '768', 2),
(2815, '769', 2),
(2816, '770', 2),
(2817, '771', 2),
(2818, '772', 2),
(2819, '773', 2),
(2820, '774', 2),
(2821, '775', 2),
(2822, '776', 2),
(2823, '777', 2),
(2824, '778', 2),
(2825, '779', 2),
(2826, '780', 2),
(2827, '781', 2),
(2828, '782', 2),
(2829, '783', 2),
(2830, '784', 2),
(2831, '785', 2),
(2832, '786', 2),
(2833, '787', 2),
(2834, '788', 2),
(2835, '789', 2),
(2836, '790', 2),
(2837, '791', 2),
(2838, '792', 2),
(2839, '793', 2),
(2840, '794', 2),
(2841, '795', 2),
(2842, '796', 2),
(2843, '797', 2),
(2844, '798', 2),
(2845, '799', 2),
(2846, '800', 2),
(2847, '801', 2),
(2848, '802', 2),
(2849, '803', 2),
(2850, '804', 2),
(2851, '805', 2),
(2852, '806', 2),
(2853, '807', 2),
(2854, '808', 2),
(2855, '809', 2),
(2856, '810', 2),
(2857, '811', 2),
(2858, '812', 2),
(2859, '813', 2),
(2860, '814', 2),
(2861, '815', 2),
(2862, '816', 2),
(2863, '817', 2),
(2864, '818', 2),
(2865, '819', 2),
(2866, '820', 2),
(2867, '821', 2),
(2868, '822', 2),
(2869, '823', 2),
(2870, '824', 2),
(2871, '825', 2),
(2872, '826', 2),
(2873, '827', 2),
(2874, '828', 2),
(2875, '829', 2),
(2876, '830', 2),
(2877, '831', 2),
(2878, '832', 2),
(2879, '833', 2),
(2880, '834', 2),
(2881, '835', 2),
(2882, '836', 2),
(2883, '837', 2),
(2884, '838', 2),
(2885, '839', 2),
(2886, '840', 2),
(2887, '841', 2),
(2888, '842', 2),
(2889, '843', 2),
(2890, '844', 2),
(2891, '845', 2),
(2892, '846', 2),
(2893, '847', 2),
(2894, '848', 2),
(2895, '849', 2),
(2896, '850', 2),
(2897, '851', 2),
(2898, '852', 2),
(2899, '853', 2),
(2900, '854', 2),
(2901, '855', 2),
(2902, '856', 2),
(2903, '857', 2),
(2904, '858', 2),
(2905, '859', 2),
(2906, '860', 2),
(2907, '861', 2),
(2908, '862', 2),
(2909, '863', 2),
(2910, '864', 2),
(2911, '865', 2),
(2912, '866', 2),
(2913, '867', 2),
(2914, '868', 2),
(2915, '869', 2),
(2916, '870', 2),
(2917, '871', 2),
(2918, '872', 2),
(2919, '873', 2),
(2920, '874', 2),
(2921, '875', 2),
(2922, '876', 2),
(2923, '877', 2),
(2924, '878', 2),
(2925, '879', 2),
(2926, '880', 2),
(2927, '881', 2),
(2928, '882', 2),
(2929, '883', 2),
(2930, '884', 2),
(2931, '885', 2),
(2932, '886', 2),
(2933, '887', 2),
(2934, '888', 2),
(2935, '889', 2),
(2936, '890', 2),
(2937, '891', 2),
(2938, '892', 2),
(2939, '893', 2),
(2940, '894', 2),
(2941, '895', 2),
(2942, '896', 2),
(2943, '897', 2),
(2944, '898', 2),
(2945, '899', 2),
(2946, '900', 2),
(2947, '901', 2),
(2948, '902', 2),
(2949, '903', 2),
(2950, '904', 2),
(2951, '905', 2),
(2952, '906', 2),
(2953, '907', 2),
(2954, '908', 2),
(2955, '909', 2),
(2956, '910', 2),
(2957, '911', 2),
(2958, '912', 2),
(2959, '913', 2),
(2960, '914', 2),
(2961, '915', 2),
(2962, '916', 2),
(2963, '917', 2),
(2964, '918', 2),
(2965, '919', 2),
(2966, '920', 2),
(2967, '921', 2),
(2968, '922', 2),
(2969, '923', 2),
(2970, '924', 2),
(2971, '925', 2),
(2972, '926', 2),
(2973, '927', 2),
(2974, '928', 2),
(2975, '929', 2),
(2976, '930', 2),
(2977, '931', 2),
(2978, '932', 2),
(2979, '933', 2),
(2980, '934', 2),
(2981, '935', 2),
(2982, '936', 2),
(2983, '937', 2),
(2984, '938', 2),
(2985, '939', 2),
(2986, '940', 2),
(2987, '941', 2),
(2988, '942', 2),
(2989, '943', 2),
(2990, '944', 2),
(2991, '945', 2),
(2992, '946', 2),
(2993, '947', 2),
(2994, '948', 2),
(2995, '949', 2),
(2996, '950', 2),
(2997, '951', 2),
(2998, '952', 2),
(2999, '953', 3),
(3000, '954', 3),
(3001, '955', 3),
(3002, '956', 3),
(3003, '957', 3),
(3004, '958', 3),
(3005, '959', 3),
(3006, '960', 3),
(3007, '961', 3),
(3008, '962', 3),
(3009, '963', 3),
(3010, '964', 3),
(3011, '965', 3),
(3012, '966', 3),
(3013, '967', 3),
(3014, '968', 3),
(3015, '969', 3),
(3016, '970', 3),
(3017, '971', 3),
(3018, '972', 3),
(3019, '973', 3),
(3020, '974', 3),
(3021, '975', 3),
(3022, '976', 3),
(3023, '977', 3),
(3024, '978', 3),
(3025, '979', 3),
(3026, '980', 3),
(3027, '981', 3),
(3028, '982', 3),
(3029, '983', 3),
(3030, '984', 3),
(3031, '985', 3),
(3032, '986', 3),
(3033, '987', 3),
(3034, '988', 3),
(3035, '989', 3),
(3036, '990', 3),
(3037, '991', 3),
(3038, '992', 3),
(3039, '993', 3),
(3040, '994', 3),
(3041, '995', 3),
(3042, '996', 3),
(3043, '997', 3),
(3044, '998', 3),
(3045, '999', 3),
(3046, '1000', 3),
(3047, '1001', 3),
(3048, '1002', 3),
(3049, '1003', 3),
(3050, '1004', 3),
(3051, '1005', 3),
(3052, '1006', 3),
(3053, '1007', 3),
(3054, '1008', 3),
(3055, '1009', 3),
(3056, '1010', 3),
(3057, '1011', 3),
(3058, '1012', 3),
(3059, '1013', 3),
(3060, '1014', 3),
(3061, '1015', 3),
(3062, '1016', 3),
(3063, '1017', 3),
(3064, '1018', 3),
(3065, '1019', 3),
(3066, '1020', 3),
(3067, '1021', 3),
(3068, '1022', 3),
(3069, '1023', 3),
(3070, '1024', 3),
(3071, '1025', 3),
(3072, '1026', 3),
(3073, '1027', 3),
(3074, '1028', 3),
(3075, '1029', 3),
(3076, '1030', 3),
(3077, '1031', 3),
(3078, '1032', 3),
(3079, '1033', 3),
(3080, '1034', 3),
(3081, '1035', 3),
(3082, '1036', 3),
(3083, '1037', 3),
(3084, '1038', 3),
(3085, '1039', 3),
(3086, '1040', 3),
(3087, '1041', 3),
(3088, '1042', 3),
(3089, '1043', 3),
(3090, '1044', 3),
(3091, '1045', 3),
(3092, '1046', 3),
(3093, '1047', 3),
(3094, '1048', 3),
(3095, '1049', 3),
(3096, '1050', 3),
(3097, '1051', 3),
(3098, '1052', 3),
(3099, '1053', 3),
(3100, '1054', 3),
(3101, '1055', 3),
(3102, '1056', 3),
(3103, '1057', 3),
(3104, '1058', 3),
(3105, '1059', 3),
(3106, '1060', 3),
(3107, '1061', 3),
(3108, '1062', 3),
(3109, '1063', 3),
(3110, '1064', 3),
(3111, '1065', 3),
(3112, '1066', 3),
(3113, '1067', 3),
(3114, '1068', 3),
(3115, '1069', 3),
(3116, '1070', 3),
(3117, '1071', 3),
(3118, '1072', 3),
(3119, '1073', 3),
(3120, '1074', 3),
(3121, '1075', 3),
(3122, '1076', 3),
(3123, '1077', 3),
(3124, '1078', 3),
(3125, '1079', 3),
(3126, '1080', 3),
(3127, '1081', 3),
(3128, '1082', 3),
(3129, '1083', 3),
(3130, '1084', 3),
(3131, '1085', 3),
(3132, '1086', 3),
(3133, '1087', 3),
(3134, '1088', 3),
(3135, '1089', 3),
(3136, '1090', 3),
(3137, '1091', 3),
(3138, '1092', 3),
(3139, '1093', 3),
(3140, '1094', 3),
(3141, '1095', 3),
(3142, '1096', 3),
(3143, '1097', 3),
(3144, '1142', 4),
(3145, '1143', 4),
(3146, '1144', 4),
(3147, '1145', 4),
(3148, '1146', 4),
(3149, '1147', 4),
(3150, '1148', 4),
(3151, '1149', 4),
(3152, '1150', 4),
(3153, '1151', 4),
(3154, '1152', 4),
(3155, '1153', 4),
(3156, '1154', 4),
(3157, '1155', 4),
(3158, '1156', 4),
(3159, '1157', 4),
(3160, '1158', 4),
(3161, '1159', 4),
(3162, '1160', 4),
(3163, '1161', 4),
(3164, '1162', 4),
(3165, '1163', 4),
(3166, '1164', 4),
(3167, '1165', 4),
(3168, '1166', 4),
(3169, '1167', 4),
(3170, '1168', 4),
(3171, '1169', 4),
(3172, '1170', 4),
(3173, '1171', 4),
(3174, '1172', 4),
(3175, '1173', 4),
(3176, '1174', 4),
(3177, '1175', 4),
(3178, '1176', 4),
(3179, '1177', 4),
(3180, '1178', 4),
(3181, '1179', 4),
(3182, '1180', 4),
(3183, '1181', 4),
(3184, '1182', 4),
(3185, '1183', 4),
(3186, '1184', 4),
(3187, '1185', 4),
(3188, '1186', 4),
(3189, '1187', 4),
(3190, '1188', 4),
(3191, '1189', 4),
(3192, '1190', 4),
(3193, '1191', 4),
(3194, '1192', 4),
(3195, '1193', 4),
(3196, '1194', 4),
(3197, '1195', 4),
(3198, '1196', 4),
(3199, '1197', 4),
(3200, '1198', 4),
(3201, '1199', 4),
(3202, '1200', 4),
(3203, '1201', 4),
(3204, '1202', 4),
(3205, '1203', 4),
(3206, '1204', 4),
(3207, '1205', 4),
(3208, '1206', 4),
(3209, '1207', 4),
(3210, '1208', 4),
(3211, '1209', 4),
(3212, '1210', 4),
(3213, '1211', 4),
(3214, '1212', 4),
(3215, '1213', 4),
(3216, '1214', 4),
(3217, '1215', 4),
(3218, '1216', 4),
(3219, '1217', 4),
(3220, '1218', 4),
(3221, '1219', 4),
(3222, '1220', 4),
(3223, '1221', 4),
(3224, '1222', 4),
(3225, '1223', 4),
(3226, '1224', 4),
(3227, '1225', 4),
(3228, '1226', 4),
(3229, '1227', 4),
(3230, '1228', 4),
(3231, '1229', 4),
(3232, '1230', 4),
(3233, '1231', 4),
(3234, '1232', 4),
(3235, '1233', 4),
(3236, '1234', 4),
(3237, '1235', 4),
(3238, '1236', 4),
(3239, '1237', 4),
(3240, '1238', 4),
(3241, '1239', 4),
(3242, '1240', 4),
(3243, '1241', 4),
(3244, '1242', 4),
(3245, '1243', 4),
(3246, '1244', 4),
(3247, '1245', 4),
(3248, '1246', 4),
(3249, '1247', 4),
(3250, '1248', 4),
(3251, '1249', 4),
(3252, '1250', 4),
(3253, '1251', 4),
(3254, '1252', 4),
(3255, '1253', 4),
(3256, '1254', 4),
(3257, '1255', 4),
(3258, '1256', 4),
(3259, '1257', 4),
(3260, '1258', 4),
(3261, '1259', 4),
(3262, '1260', 4),
(3263, '1261', 4),
(3264, '1262', 4),
(3265, '1263', 4),
(3266, '1264', 4),
(3267, '1265', 4),
(3268, '1266', 4),
(3269, '1267', 4),
(3270, '1268', 4),
(3271, '1269', 4),
(3272, '1270', 4),
(3273, '1271', 4),
(3274, '1272', 4),
(3275, '1273', 4),
(3276, '1274', 4),
(3277, '1275', 4),
(3278, '1276', 4),
(3279, '1277', 4),
(3280, '1278', 4),
(3281, '1279', 4),
(3282, '1280', 4),
(3283, '1281', 4),
(3284, '1282', 4),
(3285, '1283', 4),
(3286, '1284', 4),
(3287, '1285', 4),
(3288, '1286', 4),
(3289, '1287', 4),
(3290, '1288', 4),
(3291, '1289', 4),
(3292, '1290', 4),
(3293, '1291', 4),
(3294, '1292', 4),
(3295, '1293', 4),
(3296, '1294', 4),
(3297, '1295', 4),
(3298, '1296', 4),
(3299, '1297', 4),
(3300, '1298', 4),
(3301, '1299', 4),
(3302, '1300', 4),
(3303, '1301', 4),
(3304, '1302', 4),
(3305, '1303', 4),
(3306, '1304', 4),
(3307, '1305', 4),
(3308, '1306', 4),
(3309, '1307', 4),
(3310, '1308', 4),
(3311, '1309', 4),
(3312, '1310', 4),
(3313, '1311', 4),
(3314, '1312', 4),
(3315, '1313', 4),
(3316, '1314', 4),
(3317, '1315', 4),
(3318, '1316', 4),
(3319, '1317', 4),
(3320, '1318', 4),
(3321, '1319', 4),
(3322, '1320', 4),
(3323, '1321', 4),
(3324, '1322', 4),
(3325, '1323', 4),
(3326, '1324', 4),
(3327, '1325', 4),
(3328, '1326', 4),
(3329, '1327', 4),
(3330, '1328', 4),
(3331, '1329', 4),
(3332, '1330', 4),
(3333, '1331', 4),
(3334, '1332', 4),
(3335, '1333', 4),
(3336, '1334', 4),
(3337, '1335', 4),
(3338, '1336', 4),
(3339, '1337', 4),
(3340, '1338', 4),
(3341, '1339', 4),
(3342, '1340', 4),
(3343, '1341', 4),
(3344, '1342', 4),
(3345, '1343', 4),
(3346, '1344', 4),
(3347, '1345', 4),
(3348, '1346', 4),
(3349, '1347', 4),
(3350, '1348', 4),
(3351, '1349', 4),
(3352, '1350', 4),
(3353, '1351', 4),
(3354, '1352', 4),
(3355, '1353', 4),
(3356, '1354', 4),
(3357, '1355', 4),
(3358, '1356', 4),
(3359, '1357', 4),
(3360, '1358', 4),
(3361, '1359', 4),
(3362, '1360', 4),
(3363, '1361', 4),
(3364, '1362', 4),
(3365, '1363', 4),
(3366, '1364', 4),
(3367, '1365', 4),
(3368, '1366', 4),
(3369, '1367', 4),
(3370, '1368', 4),
(3371, '1369', 4),
(3372, '1370', 4),
(3373, '1371', 4),
(3374, '1372', 4),
(3375, '1373', 4),
(3376, '1374', 4),
(3377, '1375', 4),
(3378, '1376', 4),
(3379, '1377', 4),
(3380, '1378', 4),
(3381, '1379', 4),
(3382, '1380', 4),
(3383, '1381', 4),
(3384, '1382', 4),
(3385, '1383', 4),
(3386, '1384', 4),
(3387, '1385', 4),
(3388, '1386', 4),
(3389, '1387', 4),
(3390, '1388', 4),
(3391, '1389', 4),
(3392, '1390', 4),
(3393, '1391', 4),
(3394, '1392', 4),
(3395, '1393', 4),
(3396, '1394', 4),
(3397, '1395', 4),
(3398, '1396', 4),
(3399, '1397', 4),
(3400, '1398', 4),
(3401, '1399', 4),
(3402, '1400', 4),
(3403, '1401', 4),
(3404, '1402', 4),
(3405, '1403', 4),
(3406, '1404', 4),
(3407, '1405', 4),
(3408, '1406', 4),
(3409, '1407', 4),
(3410, '1408', 4),
(3411, '1409', 4),
(3412, '1410', 4),
(3413, '1411', 4),
(3414, '1412', 4),
(3415, '1413', 4),
(3416, '1414', 4),
(3417, '1415', 4),
(3418, '1416', 4),
(3419, '1417', 4),
(3420, '1418', 4),
(3421, '1419', 4),
(3422, '1420', 4),
(3423, '1421', 4),
(3424, '1422', 4),
(3425, '1423', 4),
(3426, '1424', 4),
(3427, '1425', 4),
(3428, '1426', 4),
(3429, '1427', 4),
(3430, '1428', 4),
(3431, '1429', 4),
(3432, '1430', 4),
(3433, '1431', 4),
(3434, '1432', 4),
(3435, '1433', 4),
(3436, '1434', 4),
(3437, '1435', 4),
(3438, '1436', 4),
(3439, '1437', 4),
(3440, '1438', 4),
(3441, '1439', 4),
(3442, '1440', 4),
(3443, '1441', 4),
(3444, '1442', 4),
(3445, '1443', 4),
(3446, '1444', 4),
(3447, '1445', 4),
(3448, '1446', 4),
(3449, '1447', 4),
(3450, '1448', 4),
(3451, '1449', 4),
(3452, '1450', 4),
(3453, '1451', 4),
(3454, '1452', 4),
(3455, '1453', 4),
(3456, '1454', 4),
(3457, '1455', 4),
(3458, '1456', 4),
(3459, '1457', 4),
(3460, '1458', 4),
(3461, '1459', 4),
(3462, '1460', 4),
(3463, '1461', 4),
(3464, '1462', 4),
(3465, '1463', 4),
(3466, '1464', 4),
(3467, '1465', 4),
(3468, '1466', 4),
(3469, '1467', 4),
(3470, '1468', 4),
(3471, '1469', 4),
(3472, '1470', 4),
(3473, '1471', 4),
(3474, '1472', 4),
(3475, '1473', 4),
(3476, '1474', 4),
(3477, '1475', 4),
(3478, '1476', 4),
(3479, '1477', 4),
(3480, '1478', 4),
(3481, '1479', 4),
(3482, '1480', 4),
(3483, '1481', 4),
(3484, '1482', 4),
(3485, '1483', 4),
(3486, '1484', 4),
(3487, '1485', 4),
(3488, '1486', 4),
(3489, '1487', 4),
(3490, '1488', 4),
(3491, '1489', 4),
(3492, '1490', 4),
(3493, '1491', 4),
(3494, '1492', 4),
(3495, '1493', 4),
(3496, '1494', 4),
(3497, '1495', 4),
(3498, '1496', 4),
(3499, '1497', 4),
(3500, '1498', 4),
(3501, '1499', 4),
(3502, '1500', 4),
(3503, '1501', 4),
(3504, '1502', 4),
(3505, '1503', 4),
(3506, '1504', 4),
(3507, '1505', 4),
(3508, '1506', 4),
(3509, '1507', 4),
(3510, '1508', 4),
(3511, '1509', 4),
(3512, '1510', 4),
(3513, '1511', 4),
(3514, '1512', 4),
(3515, '1513', 4),
(3516, '1514', 4),
(3517, '1515', 4),
(3518, '1516', 4),
(3519, '1517', 4),
(3520, '1518', 4),
(3521, '1519', 4),
(3522, '1520', 4),
(3523, '1521', 4),
(3524, '1522', 4),
(3525, '1523', 4),
(3526, '1524', 4),
(3527, '1525', 4),
(3528, '1526', 4),
(3529, '1527', 4),
(3530, '1528', 4),
(3531, '1529', 4),
(3532, '1530', 4),
(3533, '1531', 4),
(3534, '1532', 4),
(3535, '1533', 4),
(3536, '1534', 4),
(3537, '1535', 4),
(3538, '1536', 4),
(3539, '1537', 4),
(3540, '1538', 4),
(3541, '1539', 4),
(3542, '1540', 4),
(3543, '1541', 4),
(3544, '1542', 4),
(3545, '1543', 4),
(3546, '1544', 4),
(3547, '1545', 4),
(3548, '1546', 4),
(3549, '1547', 4),
(3550, '1548', 4),
(3551, '1549', 4),
(3552, '1550', 4),
(3553, '1551', 4),
(3554, '1552', 4),
(3555, '1553', 4),
(3556, '1554', 4),
(3557, '1555', 4),
(3558, '1556', 4),
(3559, '1557', 4),
(3560, '1558', 4),
(3561, '1559', 4),
(3562, '1560', 4),
(3563, '1561', 4),
(3564, '1562', 4),
(3565, '1563', 4),
(3566, '1564', 4),
(3567, '1565', 4),
(3568, '1566', 4),
(3569, '1567', 4),
(3570, '1568', 4),
(3571, '1569', 4),
(3572, '1570', 4),
(3573, '1571', 4),
(3574, '1572', 4),
(3575, '1573', 4),
(3576, '1574', 4),
(3577, '1575', 4),
(3578, '1576', 4),
(3579, '1577', 4),
(3580, '1578', 4),
(3581, '1579', 4),
(3582, '1580', 4),
(3583, '1581', 4),
(3584, '1582', 4),
(3585, '1583', 4),
(3586, '1584', 4),
(3587, '1585', 4),
(3588, '1586', 4),
(3589, '1587', 4),
(3590, '1588', 4),
(3591, '1589', 4),
(3592, '1590', 4),
(3593, '1591', 4),
(3594, '1592', 4),
(3595, '1593', 4),
(3596, '1594', 4),
(3597, '1595', 4),
(3598, '1596', 4),
(3599, '1597', 4),
(3600, '1598', 4),
(3601, '1599', 4),
(3602, '1600', 4),
(3603, '1601', 4),
(3604, '1602', 4),
(3605, '1603', 4),
(3606, '1604', 4),
(3607, '1605', 4),
(3608, '1606', 4),
(3609, '1607', 4),
(3610, '1608', 4),
(3611, '1609', 4),
(3612, '1610', 4),
(3613, '1611', 4),
(3614, '1612', 4),
(3615, '1613', 4),
(3616, '1614', 4),
(3617, '1615', 4),
(3618, '1616', 4),
(3619, '1617', 4),
(3620, '1618', 4),
(3621, '1619', 4),
(3622, '1620', 4),
(3623, '1621', 4),
(3624, '1622', 4),
(3625, '1623', 4),
(3626, '1624', 4),
(3627, '1625', 4),
(3628, '1626', 4),
(3629, '1627', 4),
(3630, '1628', 4),
(3631, '1629', 4),
(3632, '1630', 4),
(3633, '1631', 4),
(3634, '1632', 4),
(3635, '1633', 4),
(3636, '1634', 4),
(3637, '1635', 4),
(3638, '1636', 4),
(3639, '1637', 4),
(3640, '1638', 4),
(3641, '1639', 4),
(3642, '1640', 4),
(3643, '1641', 4),
(3644, '1642', 4),
(3645, '1643', 4),
(3646, '1644', 4),
(3647, '1645', 4),
(3648, '1646', 4),
(3649, '1647', 4),
(3650, '1648', 4),
(3651, '1649', 4),
(3652, '1650', 4),
(3653, '1651', 4),
(3654, '1652', 4),
(3655, '1653', 4),
(3656, '1654', 4),
(3657, '1655', 4),
(3658, '1656', 4),
(3659, '1657', 4),
(3660, '1658', 4),
(3661, '1659', 4),
(3662, '1660', 4),
(3663, '1661', 4),
(3664, '1662', 4),
(3665, '1663', 4),
(3666, '1664', 4),
(3667, '1665', 4),
(3668, '1666', 4),
(3669, '1667', 4),
(3670, '1668', 4),
(3671, '1669', 4),
(3672, '1670', 4),
(3673, '1671', 4),
(3674, '1672', 4),
(3675, '1673', 4),
(3676, '1674', 4),
(3677, '1675', 4),
(3678, '1676', 4),
(3679, '1677', 4),
(3680, '1678', 4),
(3681, '1679', 4),
(3682, '1680', 4),
(3683, '1681', 4),
(3684, '1682', 4),
(3685, '1683', 4),
(3686, '1684', 4),
(3687, '1685', 4),
(3688, '1686', 4),
(3689, '1687', 4),
(3690, '1688', 4),
(3691, '1689', 4),
(3692, '1690', 4),
(3693, '1691', 4),
(3694, '1692', 4),
(3695, '1693', 4),
(3696, '1694', 4),
(3697, '1695', 4),
(3698, '1696', 4),
(3699, '1697', 4),
(3700, '1698', 4),
(3701, '1699', 4),
(3702, '1700', 4),
(3703, '1701', 4),
(3704, '1702', 4),
(3705, '1703', 4),
(3706, '1704', 4),
(3707, '1705', 4),
(3708, '1706', 4),
(3709, '1707', 4),
(3710, '1708', 4),
(3711, '1709', 4),
(3712, '1710', 4),
(3713, '1711', 4),
(3714, '1712', 4),
(3715, '1713', 4),
(3716, '1714', 4),
(3717, '1715', 4),
(3718, '1716', 4),
(3719, '1717', 4),
(3720, '1718', 4),
(3721, '1719', 4),
(3722, '1720', 4),
(3723, '1721', 4),
(3724, '1722', 4),
(3725, '1723', 4),
(3726, '1724', 4),
(3727, '1725', 4),
(3728, '1726', 4),
(3729, '1727', 4),
(3730, '1728', 4),
(3731, '1729', 4),
(3732, '1730', 4),
(3733, '1731', 4),
(3734, '1732', 4),
(3735, '1733', 4),
(3736, '1734', 4),
(3737, '1735', 4),
(3738, '1736', 4),
(3739, '1737', 4),
(3740, '1738', 4),
(3741, '1739', 4),
(3742, '1740', 4),
(3743, '1741', 4),
(3744, '1742', 4),
(3745, '1743', 4),
(3746, '1744', 4),
(3747, '1745', 4),
(3748, '1746', 4),
(3749, '1747', 4),
(3750, '1748', 4),
(3751, '1749', 4),
(3752, '1750', 4),
(3753, '1751', 4),
(3754, '1752', 4),
(3755, '1753', 4),
(3756, '1754', 4),
(3757, '1755', 4),
(3758, '1756', 4),
(3759, '1757', 4),
(3760, '1758', 4),
(3761, '1759', 4),
(3762, '1760', 4),
(3763, '1761', 4),
(3764, '1762', 4),
(3765, '1763', 4),
(3766, '1764', 4),
(3767, '1765', 4),
(3768, '1766', 4),
(3769, '1767', 4),
(3770, '1768', 4),
(3771, '1769', 4),
(3772, '1770', 4),
(3773, '1771', 4),
(3774, '1772', 4),
(3775, '1773', 4),
(3776, '1774', 4),
(3777, '1775', 4),
(3778, '1776', 4),
(3779, '1777', 4),
(3780, '1778', 4),
(3781, '1779', 4),
(3782, '1780', 4),
(3783, '1781', 4),
(3784, '1782', 4),
(3785, '1783', 4),
(3786, '1784', 4),
(3787, '1785', 4),
(3788, '1786', 4),
(3789, '1787', 4),
(3790, '1788', 4),
(3791, '1789', 4),
(3792, '1790', 4),
(3793, '1791', 4),
(3794, '1792', 4),
(3795, '1793', 4),
(3796, '1794', 4),
(3797, '1795', 4),
(3798, '1796', 4),
(3799, '1797', 4),
(3800, '1798', 4),
(3801, '1799', 4),
(3802, '1800', 4),
(3803, '1801', 4),
(3804, '1802', 4),
(3805, '1803', 4),
(3806, '1804', 4),
(3807, '1805', 4),
(3808, '1806', 4),
(3809, '1807', 4),
(3810, '1808', 4),
(3811, '1809', 4),
(3812, '1810', 4),
(3813, '1811', 4),
(3814, '1812', 4),
(3815, '1813', 4),
(3816, '1814', 4),
(3817, '1815', 4),
(3818, '1816', 4),
(3819, '1817', 4),
(3820, '1818', 4),
(3821, '1819', 4),
(3822, '1820', 4),
(3823, '1821', 4),
(3824, '1822', 4),
(3825, '1823', 4),
(3826, '1824', 4),
(3827, '1825', 4),
(3828, '1826', 4),
(3829, '1827', 4),
(3830, '1828', 4),
(3831, '1829', 4),
(3832, '1830', 4),
(3833, '1831', 4),
(3834, '1832', 4),
(3835, '1833', 4),
(3836, '1834', 4),
(3837, '1835', 4),
(3838, '1836', 4),
(3839, '1837', 4),
(3840, '1838', 4),
(3841, '1839', 4),
(3842, '1840', 4),
(3843, '1841', 4),
(3844, '1842', 4),
(3845, '1843', 4),
(3846, '1844', 4),
(3847, '1845', 4),
(3848, '1846', 4),
(3849, '1847', 4),
(3850, '1848', 4),
(3851, '1849', 4),
(3852, '1850', 4),
(3853, '1851', 4),
(3854, '1852', 4),
(3855, '1853', 4),
(3856, '1854', 4),
(3857, '1855', 4),
(3858, '1856', 4),
(3859, '1857', 4),
(3860, '1858', 4),
(3861, '1859', 4),
(3862, '1860', 4),
(3863, '1861', 4),
(3864, '1862', 4),
(3865, '1863', 4),
(3866, '1864', 4),
(3867, '1865', 4),
(3868, '1866', 4),
(3869, '1867', 4),
(3870, '1868', 4),
(3871, '1869', 4),
(3872, '1870', 4),
(3873, '1871', 4),
(3874, '1872', 4),
(3875, '1873', 4),
(3876, '1874', 4),
(3877, '1875', 4),
(3878, '1876', 4),
(3879, '1877', 4),
(3880, '1878', 4),
(3881, '1879', 4),
(3882, '1880', 4),
(3883, '1881', 4),
(3884, '1882', 4),
(3885, '1883', 4),
(3886, '1884', 4),
(3887, '1885', 4),
(3888, '1886', 4),
(3889, '1887', 4),
(3890, '1888', 4),
(3891, '1889', 4),
(3892, '1890', 4),
(3893, '1891', 4),
(3894, '1892', 4),
(3895, '1893', 4),
(3896, '1894', 4),
(3897, '1895', 4),
(3898, '1896', 4),
(3899, '1897', 4),
(3900, '1898', 4),
(3901, '1899', 4),
(3902, '1900', 4),
(3903, '1901', 4),
(3904, '1902', 4),
(3905, '1903', 4),
(3906, '1904', 4),
(3907, '1905', 4),
(3908, '1906', 4),
(3909, '1907', 4),
(3910, '1908', 4),
(3911, '1909', 4),
(3912, '1910', 4),
(3913, '1911', 4),
(3914, '1912', 4),
(3915, '1913', 4),
(3916, '1914', 4),
(3917, '1915', 4),
(3918, '1916', 4),
(3919, '1917', 4),
(3920, '1918', 4),
(3921, '1919', 4),
(3922, '1920', 4),
(3923, '1921', 4),
(3924, '1922', 4),
(3925, '1923', 4),
(3926, '1924', 4),
(3927, '1925', 4),
(3928, '1926', 4),
(3929, '1927', 4),
(3930, '1928', 4),
(3931, '1929', 4),
(3932, '1930', 5),
(3933, '1931', 5),
(3934, '1932', 5),
(3935, '1933', 5),
(3936, '1934', 5),
(3937, '1935', 5),
(3938, '1936', 5),
(3939, '1937', 5),
(3940, '1938', 5),
(3941, '1939', 5),
(3942, '1940', 5),
(3943, '1941', 5),
(3944, '1942', 5),
(3945, '1943', 5),
(3946, '1944', 5),
(3947, '1945', 5),
(3948, '1946', 5),
(3949, '1947', 5),
(3950, '1948', 5),
(3951, '1949', 5),
(3952, '1950', 5),
(3953, '1951', 5),
(3954, '1952', 5),
(3955, '1953', 5),
(3956, '1954', 5),
(3957, '1955', 5),
(3958, '1956', 5),
(3959, '1957', 5),
(3960, '1958', 5),
(3961, '1959', 5),
(3962, '1960', 5),
(3963, '1961', 5),
(3964, '1962', 5),
(3965, '1963', 5),
(3966, '1964', 5),
(3967, '1965', 5),
(3968, '1966', 5),
(3969, '1967', 5),
(3970, '1968', 5),
(3971, '1969', 5),
(3972, '1970', 5),
(3973, '1971', 5),
(3974, '1972', 5),
(3975, '1973', 5),
(3976, '1974', 5),
(3977, '1975', 5),
(3978, '1976', 5),
(3979, '1977', 5),
(3980, '1978', 5),
(3981, '1979', 5),
(3982, '1980', 5),
(3983, '1981', 5),
(3984, '1982', 5),
(3985, '1983', 5),
(3986, '1984', 5),
(3987, '1985', 5),
(3988, '1986', 5),
(3989, '1987', 5),
(3990, '1988', 5),
(3991, '1989', 5),
(3992, '1990', 5),
(3993, '1991', 5),
(3994, '1992', 5),
(3995, '1993', 5),
(3996, '1994', 5),
(3997, '1995', 5),
(3998, '1996', 5),
(3999, '1997', 5),
(4000, '1998', 5),
(4001, '1999', 5),
(4002, '2000', 5),
(4003, '2001', 5),
(4004, '2002', 5),
(4005, '2003', 5),
(4006, '2004', 5),
(4007, '2005', 5),
(4008, '2006', 5),
(4009, '2007', 5),
(4010, '2008', 5),
(4011, '2009', 5),
(4012, '2010', 5),
(4013, '2011', 5),
(4014, '2012', 5),
(4015, '2013', 5),
(4016, '2014', 5),
(4017, '2015', 5),
(4018, '2016', 5),
(4019, '2017', 5),
(4020, '2018', 5),
(4021, '2019', 5),
(4022, '2020', 5),
(4023, '2021', 5),
(4024, '2022', 5),
(4025, '2023', 5),
(4026, '2024', 5),
(4027, '2025', 5),
(4028, '2026', 5),
(4029, '2027', 5),
(4030, '2028', 5),
(4031, '2029', 5),
(4032, '2030', 5),
(4033, '2031', 5),
(4034, '2032', 5),
(4035, '2033', 5),
(4036, '2034', 5),
(4037, '2035', 5),
(4038, '2036', 5),
(4039, '2037', 5),
(4040, '2038', 5),
(4041, '2039', 5),
(4042, '2040', 5),
(4043, '2041', 5),
(4044, '2042', 5),
(4045, '2043', 5),
(4046, '2044', 5),
(4047, '2045', 5),
(4048, '2046', 5),
(4049, '2047', 5),
(4050, '2048', 5),
(4051, '2049', 5),
(4052, '2050', 5),
(4053, '2051', 5),
(4054, '2052', 5),
(4055, '2053', 5),
(4056, '2054', 5),
(4057, '2055', 5),
(4058, '2056', 5),
(4059, '2057', 5),
(4060, '2058', 5),
(4061, '2059', 5),
(4062, '2060', 5),
(4063, '2061', 5),
(4064, '2062', 5),
(4065, '2063', 5),
(4066, '2064', 5),
(4067, '2065', 5),
(4068, '2066', 5),
(4069, '2067', 5),
(4070, '2068', 5),
(4071, '2069', 5),
(4072, '2070', 5),
(4073, '2071', 5),
(4074, '2072', 5),
(4075, '2073', 5),
(4076, '2074', 5),
(4077, '2075', 5),
(4078, '2076', 5),
(4079, '2077', 5),
(4080, '2078', 5),
(4081, '2079', 5),
(4082, '2080', 5),
(4083, '2081', 5),
(4084, '2082', 5),
(4085, '2083', 5),
(4086, '2084', 5),
(4087, '2085', 5),
(4088, '2086', 5),
(4089, '2087', 5),
(4090, '2088', 5),
(4091, '2089', 5),
(4092, '2090', 5),
(4093, '2091', 5),
(4094, '2092', 5),
(4095, '2093', 5),
(4096, '2094', 5),
(4097, '2095', 5),
(4098, '2096', 5),
(4099, '2097', 5),
(4100, '2098', 5),
(4101, '2099', 5),
(4102, '2100', 5),
(4103, '2101', 5),
(4104, '2102', 5),
(4105, '2103', 5),
(4106, '2104', 5),
(4107, '2105', 5),
(4108, '2106', 5),
(4109, '2107', 5),
(4110, '2108', 5),
(4111, '2109', 5),
(4112, '2110', 5),
(4113, '2111', 5),
(4114, '2112', 5),
(4115, '2113', 5),
(4116, '2114', 5),
(4117, '2115', 5),
(4118, '2116', 5),
(4119, '2117', 5),
(4120, '2118', 5),
(4121, '2119', 5),
(4122, '2120', 5),
(4123, '2121', 5),
(4124, '2122', 5),
(4125, '2123', 5),
(4126, '2124', 5),
(4127, '2125', 5),
(4128, '2126', 5),
(4129, '2127', 5),
(4130, '2128', 5),
(4131, '2129', 5),
(4132, '2130', 5),
(4133, '2131', 5),
(4134, '2132', 5),
(4135, '2133', 5),
(4136, '2134', 5),
(4137, '2135', 5),
(4138, '2136', 5),
(4139, '2137', 5),
(4140, '2138', 5),
(4141, '2139', 5),
(4142, '2140', 5),
(4143, '2141', 5),
(4144, '2142', 5),
(4145, '2143', 5),
(4146, '2144', 5),
(4147, '2145', 5),
(4148, '2146', 5),
(4149, '2147', 5),
(4150, '2148', 5),
(4151, '2149', 5),
(4152, '2150', 5),
(4153, '2151', 5),
(4154, '2152', 5),
(4155, '2153', 5),
(4156, '2154', 5),
(4157, '2155', 5),
(4158, '2156', 5),
(4159, '2157', 5),
(4160, '2158', 5),
(4161, '2159', 5),
(4162, '2160', 5),
(4163, '2161', 5),
(4164, '2162', 5),
(4165, '2163', 5),
(4166, '2164', 5),
(4167, '2165', 5),
(4168, '2166', 5),
(4169, '2167', 5),
(4170, '2168', 5),
(4171, '2169', 5),
(4172, '2170', 5),
(4173, '2171', 5),
(4174, '2172', 5),
(4175, '2173', 5),
(4176, '2174', 5),
(4177, '2175', 5),
(4178, '2176', 5),
(4179, '2177', 5),
(4180, '2178', 5),
(4181, '2179', 5),
(4182, '2180', 5),
(4183, '2181', 5),
(4184, '2182', 5),
(4185, '2183', 5),
(4186, '2184', 5),
(4187, '2185', 5),
(4188, '2186', 5),
(4189, '2187', 5),
(4190, '2188', 5),
(4191, '2189', 5),
(4192, '2190', 5),
(4193, '2191', 5),
(4194, '2192', 5),
(4195, '2193', 5),
(4196, '2194', 5),
(4197, '2195', 5),
(4198, '2196', 5),
(4199, '2197', 5),
(4200, '2198', 5),
(4201, '2199', 5),
(4202, '2200', 5),
(4203, '2201', 5),
(4204, '2202', 5),
(4205, '2203', 5),
(4206, '2204', 5),
(4207, '2205', 5),
(4208, '2206', 5),
(4209, '2207', 5),
(4210, '2208', 5),
(4211, '2209', 5),
(4212, '2210', 5),
(4213, '2211', 5),
(4214, '2212', 5),
(4215, '2213', 5),
(4216, '2214', 5),
(4217, '2215', 5),
(4218, '2216', 5),
(4219, '2217', 5),
(4220, '2218', 5),
(4221, '2219', 5),
(4222, '2220', 5),
(4223, '2221', 5),
(4224, '2222', 5),
(4225, '2223', 5),
(4226, '2224', 5),
(4227, '2225', 5),
(4228, '2226', 5),
(4229, '2227', 5),
(4230, '2228', 5),
(4231, '2229', 5),
(4232, '2230', 5),
(4233, '2231', 6),
(4234, '2232', 6),
(4235, '2233', 6),
(4236, '2234', 6),
(4237, '2235', 6),
(4238, '2236', 6),
(4239, '2237', 6),
(4240, '2238', 6),
(4241, '2239', 6),
(4242, '2240', 6),
(4243, '2241', 6),
(4244, '2242', 6),
(4245, '2243', 6),
(4246, '2244', 6),
(4247, '2245', 6),
(4248, '2246', 6),
(4249, '2247', 6),
(4250, '2248', 6),
(4251, '2249', 6),
(4252, '2250', 6),
(4253, '2251', 6),
(4254, '2252', 6),
(4255, '2253', 6),
(4256, '2254', 6),
(4257, '2255', 6),
(4258, '2256', 6),
(4259, '2257', 6),
(4260, '2258', 6),
(4261, '2259', 6),
(4262, '2260', 6),
(4263, '2261', 6),
(4264, '2262', 6),
(4265, '2263', 6),
(4266, '2264', 6),
(4267, '2265', 6),
(4268, '2266', 6),
(4269, '2267', 6),
(4270, '2268', 6),
(4271, '2269', 6),
(4272, '2270', 6),
(4273, '2271', 6),
(4274, '2272', 6),
(4275, '2273', 6),
(4276, '2274', 6),
(4277, '2275', 6),
(4278, '2276', 6),
(4279, '2277', 6),
(4280, '2278', 6),
(4281, '2279', 6),
(4282, '2280', 6),
(4283, '2281', 6),
(4284, '2282', 6),
(4285, '2283', 6),
(4286, '2284', 6),
(4287, '2285', 6),
(4288, '2286', 6),
(4289, '2287', 6),
(4290, '2288', 6),
(4291, '2289', 6),
(4292, '2290', 6),
(4293, '2291', 6),
(4294, '2292', 6),
(4295, '2293', 6),
(4296, '2294', 6),
(4297, '2295', 6),
(4298, '2296', 6),
(4299, '2297', 6),
(4300, '2298', 6),
(4301, '2299', 6),
(4302, '2300', 6),
(4303, '2301', 6),
(4304, '2302', 6),
(4305, '2303', 6),
(4306, '2304', 6),
(4307, '2305', 6),
(4308, '2306', 6),
(4309, '2307', 6),
(4310, '2308', 6),
(4311, '2309', 6),
(4312, '2310', 6),
(4313, '2311', 6),
(4314, '2312', 6),
(4315, '2313', 6),
(4316, '2314', 6),
(4317, '2315', 6),
(4318, '2316', 6),
(4319, '2317', 6),
(4320, '2318', 6),
(4321, '2319', 6),
(4322, '2320', 6),
(4323, '2321', 6),
(4324, '2322', 6),
(4325, '2323', 6),
(4326, '2324', 6),
(4327, '2325', 6),
(4328, '2326', 6),
(4329, '2327', 6),
(4330, '2328', 6),
(4331, '2329', 6),
(4332, '2330', 6),
(4333, '2331', 6),
(4334, '2332', 6),
(4335, '2333', 6),
(4336, '2334', 6),
(4337, '2335', 6),
(4338, '2336', 6),
(4339, '2337', 6),
(4340, '2338', 6),
(4341, '2339', 6),
(4342, '2340', 6),
(4343, '2341', 6),
(4344, '2342', 6),
(4345, '2343', 6),
(4346, '2344', 6),
(4347, '2345', 6),
(4348, '2346', 6),
(4349, '2347', 6),
(4350, '2348', 6),
(4351, '2349', 6),
(4352, '2350', 6),
(4353, '2351', 6),
(4354, '2352', 6),
(4355, '2353', 6),
(4356, '2354', 6),
(4357, '2355', 6),
(4358, '2356', 6),
(4359, '2357', 6),
(4360, '2358', 6),
(4361, '2359', 6),
(4362, '2360', 6),
(4363, '2361', 6),
(4364, '2362', 6),
(4365, '2363', 6),
(4366, '2364', 6),
(4367, '2365', 6),
(4368, '2366', 6),
(4369, '2367', 6),
(4370, '2368', 6),
(4371, '2369', 6),
(4372, '2370', 6),
(4373, '2371', 6),
(4374, '2372', 6),
(4375, '2373', 6),
(4376, '2374', 6),
(4377, '2375', 6),
(4378, '2376', 6),
(4379, '2377', 6),
(4380, '2378', 6),
(4381, '2379', 6),
(4382, '2380', 6),
(4383, '2381', 6),
(4384, '2382', 6),
(4385, '2383', 6),
(4386, '2384', 6),
(4387, '2385', 6),
(4388, '2386', 6),
(4389, '2387', 6),
(4390, '2388', 6),
(4391, '2389', 6),
(4392, '2390', 6),
(4393, '2391', 6),
(4394, '2392', 6),
(4395, '2393', 6),
(4396, '2394', 6),
(4397, '2395', 6),
(4398, '2396', 6),
(4399, '2397', 6),
(4400, '2398', 6),
(4401, '2399', 6),
(4402, '2400', 6),
(4403, '2401', 6),
(4404, '2402', 6),
(4405, '2403', 6),
(4406, '2404', 6),
(4407, '2405', 6),
(4408, '2406', 6),
(4409, '2407', 6),
(4410, '2408', 6),
(4411, '2409', 6),
(4412, '2410', 6),
(4413, '2411', 6),
(4414, '2412', 6),
(4415, '2413', 6),
(4416, '2414', 6),
(4417, '2415', 6),
(4418, '2416', 6),
(4419, '2417', 6),
(4420, '2418', 6),
(4421, '2419', 6),
(4422, '2420', 6),
(4423, '2421', 6),
(4424, '2422', 6),
(4425, '2423', 6),
(4426, '2424', 6),
(4427, '2425', 6),
(4428, '2426', 6),
(4429, '2427', 6),
(4430, '2428', 6),
(4431, '2429', 6),
(4432, '2430', 6),
(4433, '2431', 6),
(4434, '2432', 6),
(4435, '2433', 6),
(4436, '2434', 6),
(4437, '2435', 6),
(4438, '2436', 6),
(4439, '2437', 6),
(4440, '2438', 6),
(4441, '2439', 6),
(4442, '2440', 6),
(4443, '2441', 6),
(4444, '2442', 6),
(4445, '2443', 6),
(4446, '2444', 6),
(4447, '2445', 6),
(4448, '2446', 6),
(4449, '2447', 6),
(4450, '2448', 6),
(4451, '2449', 6),
(4452, '2450', 6),
(4453, '2451', 6),
(4454, '2452', 6),
(4455, '2453', 6),
(4456, '2454', 6),
(4457, '2455', 6),
(4458, '2456', 6),
(4459, '2457', 6),
(4460, '2458', 6),
(4461, '2459', 6),
(4462, '2460', 6),
(4463, '2461', 6),
(4464, '2462', 6),
(4465, '2463', 6),
(4466, '2464', 6),
(4467, '2465', 6),
(4468, '2466', 6),
(4469, '2467', 6),
(4470, '2468', 6),
(4471, '2469', 6),
(4472, '2470', 6),
(4473, '2471', 6),
(4474, '2472', 6),
(4475, '2473', 6),
(4476, '2474', 6),
(4477, '2475', 6),
(4478, '2476', 6),
(4479, '2477', 6),
(4480, '2478', 6),
(4481, '2479', 6),
(4482, '2480', 6),
(4483, '2481', 6),
(4484, '2482', 6),
(4485, '2483', 6),
(4486, '2484', 6),
(4487, '2485', 6),
(4488, '2486', 6),
(4489, '2487', 6),
(4490, '2488', 6),
(4491, '2489', 6),
(4492, '2490', 6),
(4493, '2491', 6),
(4494, '2492', 6),
(4495, '2493', 6),
(4496, '2494', 6),
(4497, '2495', 6),
(4498, '2496', 6),
(4499, '2497', 6),
(4500, '2498', 6),
(4501, '2499', 6),
(4502, '2500', 6),
(4503, '2501', 6),
(4504, '2502', 6),
(4505, '2503', 6),
(4506, '2504', 6),
(4507, '2505', 6),
(4508, '2506', 6),
(4509, '2507', 6),
(4510, '2508', 6),
(4511, '2509', 6),
(4512, '2510', 6),
(4513, '2511', 6),
(4514, '2512', 6),
(4515, '2513', 6),
(4516, '2514', 6),
(4517, '2515', 6),
(4518, '2516', 6),
(4519, '2517', 6),
(4520, '2518', 6),
(4521, '2519', 6),
(4522, '2520', 6),
(4523, '2521', 6),
(4524, '2522', 6),
(4525, '2523', 6),
(4526, '2524', 6),
(4527, '2525', 6),
(4528, '2526', 7),
(4529, '2527', 7),
(4530, '2528', 7),
(4531, '2529', 7),
(4532, '2530', 7),
(4533, '2531', 7),
(4534, '2532', 7),
(4535, '2533', 7),
(4536, '2534', 7),
(4537, '2535', 7),
(4538, '2536', 7),
(4539, '2537', 7),
(4540, '2538', 7),
(4541, '2539', 7),
(4542, '2540', 7),
(4543, '2541', 7),
(4544, '2542', 7),
(4545, '2543', 7),
(4546, '2544', 7),
(4547, '2545', 7),
(4548, '2546', 7),
(4549, '2547', 7),
(4550, '2548', 7),
(4551, '2549', 7),
(4552, '2550', 7),
(4553, '2551', 7),
(4554, '2552', 7),
(4555, '2553', 7),
(4556, '2554', 7),
(4557, '2555', 7),
(4558, '2556', 7),
(4559, '2557', 7),
(4560, '2558', 7),
(4561, '2559', 7),
(4562, '2560', 7),
(4563, '2561', 7),
(4564, '2562', 7),
(4565, '2563', 7),
(4566, '2564', 7),
(4567, '2565', 7),
(4568, '2566', 7),
(4569, '2567', 7),
(4570, '2568', 7),
(4571, '2569', 7),
(4572, '2570', 7),
(4573, '2571', 7),
(4574, '2572', 7),
(4575, '2573', 7),
(4576, '2574', 7),
(4577, '2575', 7),
(4578, '2576', 7),
(4579, '2577', 7),
(4580, '2578', 7),
(4581, '2579', 7),
(4582, '2580', 7),
(4583, '2581', 7),
(4584, '2582', 7),
(4585, '2583', 7),
(4586, '2584', 7),
(4587, '2585', 7),
(4588, '2586', 7),
(4589, '2587', 7),
(4590, '2588', 7),
(4591, '2589', 7),
(4592, '2590', 7),
(4593, '2591', 7),
(4594, '2592', 7),
(4595, '2593', 7),
(4596, '2594', 7),
(4597, '2595', 7),
(4598, '2596', 7),
(4599, '2597', 7),
(4600, '2598', 7),
(4601, '2599', 7),
(4602, '2600', 7),
(4603, '2601', 7),
(4604, '2602', 7),
(4605, '2603', 7),
(4606, '2604', 7),
(4607, '2605', 7),
(4608, '2606', 7),
(4609, '2607', 7),
(4610, '2608', 7),
(4611, '2609', 7),
(4612, '2610', 7),
(4613, '2611', 7),
(4614, '2612', 7),
(4615, '2613', 7),
(4616, '2614', 7),
(4617, '2615', 7),
(4618, '2616', 7),
(4619, '2617', 7),
(4620, '2618', 7),
(4621, '2619', 7),
(4622, '2620', 7),
(4623, '2621', 7),
(4624, '2622', 7),
(4625, '2623', 7),
(4626, '2624', 7),
(4627, '2625', 7),
(4628, '2626', 7),
(4629, '2627', 7),
(4630, '2628', 7),
(4631, '2629', 7),
(4632, '2630', 7),
(4633, '2631', 7),
(4634, '2632', 7),
(4635, '2633', 7),
(4636, '2634', 7),
(4637, '2635', 7),
(4638, '2636', 7),
(4639, '2637', 7),
(4640, '2638', 7),
(4641, '2639', 7),
(4642, '2640', 7),
(4643, '2641', 7),
(4644, '2642', 7),
(4645, '2643', 7),
(4646, '2644', 7),
(4647, '2645', 7),
(4648, '2646', 7),
(4649, '2647', 7),
(4650, '2648', 7),
(4651, '2649', 7),
(4652, '2650', 7),
(4653, '2651', 7),
(4654, '2652', 7),
(4655, '2653', 7),
(4656, '2654', 7),
(4657, '2655', 7),
(4658, '2656', 7),
(4659, '2657', 7),
(4660, '2658', 7),
(4661, '2659', 7),
(4662, '2660', 7),
(4663, '2661', 7),
(4664, '2662', 7),
(4665, '2663', 7),
(4666, '2664', 7),
(4667, '2665', 7),
(4668, '2666', 7),
(4669, '2667', 7),
(4670, '2668', 7),
(4671, '2669', 7),
(4672, '2670', 7),
(4673, '2671', 7),
(4674, '2672', 7),
(4675, '2673', 7),
(4676, '2674', 7),
(4677, '2675', 7),
(4678, '2676', 7),
(4679, '2677', 7),
(4680, '2678', 7),
(4681, '2679', 7),
(4682, '2680', 7),
(4683, '2681', 7),
(4684, '2682', 7),
(4685, '2683', 7),
(4686, '2684', 7),
(4687, '2685', 7),
(4688, '2686', 7),
(4689, '2687', 7),
(4690, '2688', 7),
(4691, '2689', 7),
(4692, '2690', 7),
(4693, '2691', 7),
(4694, '2692', 7),
(4695, '2693', 7),
(4696, '2694', 7),
(4697, '2695', 7),
(4698, '2696', 7),
(4699, '2697', 7),
(4700, '2698', 7),
(4701, '2699', 7),
(4702, '2700', 7),
(4703, '2701', 7),
(4704, '2702', 7),
(4705, '2703', 7),
(4706, '2704', 7),
(4707, '2705', 7),
(4708, '2706', 7),
(4709, '2707', 7),
(4710, '2708', 7),
(4711, '2709', 7),
(4712, '2710', 7),
(4713, '2711', 7),
(4714, '2712', 7),
(4715, '2713', 7),
(4716, '2714', 7),
(4717, '2715', 7),
(4718, '2716', 7),
(4719, '2717', 7),
(4720, '2718', 7),
(4721, '2719', 7),
(4722, '2720', 7),
(4723, '2721', 7),
(4724, '2722', 7),
(4725, '2723', 7),
(4726, '2724', 7),
(4727, '2725', 7),
(4728, '2726', 7),
(4729, '2727', 7),
(4730, '2728', 7),
(4731, '2729', 7),
(4732, '2730', 7),
(4733, '2731', 7),
(4734, '2732', 7),
(4735, '2733', 7),
(4736, '2734', 7),
(4737, '2735', 7),
(4738, '2736', 7),
(4739, '2737', 7),
(4740, '2738', 7),
(4741, '2739', 7),
(4742, '2740', 7),
(4743, '2741', 7),
(4744, '2742', 7),
(4745, '2743', 7),
(4746, '2744', 7),
(4747, '2745', 7),
(4748, '2746', 7),
(4749, '2747', 7),
(4750, '2748', 7),
(4751, '2749', 7),
(4752, '2750', 7),
(4753, '2751', 7),
(4754, '2752', 7),
(4755, '2753', 7),
(4756, '2754', 7),
(4757, '2755', 7),
(4758, '2756', 7),
(4759, '2757', 7),
(4760, '2758', 7),
(4761, '2759', 7),
(4762, '2760', 7),
(4763, '2761', 7),
(4764, '2762', 7),
(4765, '2763', 7),
(4766, '2764', 7),
(4767, '2765', 7),
(4768, '2766', 7),
(4769, '2767', 7),
(4770, '2768', 7),
(4771, '2769', 7),
(4772, '2770', 7),
(4773, '2771', 7),
(4774, '2772', 7),
(4775, '2773', 7),
(4776, '2774', 7),
(4777, '2775', 7),
(4778, '2776', 7),
(4779, '2777', 7),
(4780, '2778', 7),
(4781, '2779', 7),
(4782, '2780', 7),
(4783, '2781', 7),
(4784, '2782', 7),
(4785, '2783', 7),
(4786, '2784', 7),
(4787, '2785', 7),
(4788, '2786', 7),
(4789, '2787', 7),
(4790, '2788', 7),
(4791, '2789', 7),
(4792, '2790', 7),
(4793, '2791', 7),
(4794, '2792', 7),
(4795, '2793', 7),
(4796, '2794', 7),
(4797, '2795', 7),
(4798, '2796', 7),
(4799, '2797', 7),
(4800, '2798', 7),
(4801, '2799', 7),
(4802, '2800', 7),
(4803, '2801', 7),
(4804, '2802', 7),
(4805, '2803', 7),
(4806, '2804', 7),
(4807, '2805', 7),
(4808, '2806', 7),
(4809, '2807', 7),
(4810, '2808', 7),
(4811, '2809', 7),
(4812, '2810', 7),
(4813, '2811', 7),
(4814, '2812', 7),
(4815, '2813', 7),
(4816, '2814', 7),
(4817, '2815', 7),
(4818, '2816', 7),
(4819, '2817', 7),
(4820, '2818', 7),
(4821, '2819', 7),
(4822, '2820', 7),
(4823, '2821', 7),
(4824, '2822', 7),
(4825, '2823', 7),
(4826, '2824', 7),
(4827, '2825', 7),
(4828, '2826', 7),
(4829, '2827', 7),
(4830, '2828', 7),
(4831, '2829', 7),
(4832, '2830', 7),
(4833, '2831', 7),
(4834, '2832', 8),
(4835, '2833', 8),
(4836, '2834', 8),
(4837, '2835', 8),
(4838, '2836', 8),
(4839, '2837', 8),
(4840, '2838', 8),
(4841, '2839', 8),
(4842, '2840', 8),
(4843, '2841', 8),
(4844, '2842', 8),
(4845, '2843', 8),
(4846, '2844', 8),
(4847, '2845', 8),
(4848, '2846', 8),
(4849, '2847', 8),
(4850, '2848', 8),
(4851, '2849', 8),
(4852, '2850', 8),
(4853, '2851', 8),
(4854, '2852', 8),
(4855, '2853', 8),
(4856, '2854', 8),
(4857, '2855', 8),
(4858, '2856', 8),
(4859, '2857', 8),
(4860, '2858', 8),
(4861, '2859', 8),
(4862, '2860', 8),
(4863, '2861', 9),
(4864, '2862', 9),
(4865, '2863', 9),
(4866, '2864', 9),
(4867, '2865', 9),
(4868, '2866', 9),
(4869, '2867', 9),
(4870, '2868', 9),
(4871, '2869', 9),
(4872, '2870', 9),
(4873, '2871', 9),
(4874, '2872', 9),
(4875, '2873', 9),
(4876, '2874', 9),
(4877, '2875', 9),
(4878, '2876', 9),
(4879, '2877', 9),
(4880, '2878', 9),
(4881, '2879', 9),
(4882, '2880', 9),
(4883, '2881', 9),
(4884, '2882', 9),
(4885, '2883', 9),
(4886, '2884', 9),
(4887, '2885', 9),
(4888, '2886', 9),
(4889, '2887', 9),
(4890, '2888', 9),
(4891, '2889', 9),
(4892, '2890', 9),
(4893, '2891', 9),
(4894, '2892', 9),
(4895, '2893', 9),
(4896, '2894', 9),
(4897, '2895', 9),
(4898, '2896', 9),
(4899, '2897', 9),
(4900, '2898', 9),
(4901, '2899', 9),
(4902, '2900', 9),
(4903, '2901', 9),
(4904, '2902', 9),
(4905, '2903', 9),
(4906, '2904', 9),
(4907, '2905', 9),
(4908, '2906', 9),
(4909, '2907', 9),
(4910, '2908', 9),
(4911, '2909', 9),
(4912, '2910', 9),
(4913, '2911', 9),
(4914, '2912', 9),
(4915, '2913', 9),
(4916, '2914', 9),
(4917, '2915', 9),
(4918, '2916', 9),
(4919, '2917', 9),
(4920, '2918', 9),
(4921, '2919', 9),
(4922, '2920', 9),
(4923, '2921', 9),
(4924, '2922', 9),
(4925, '2923', 9),
(4926, '2924', 9),
(4927, '2925', 9),
(4928, '2926', 9),
(4929, '2927', 9),
(4930, '2928', 9),
(4931, '2929', 9),
(4932, '2930', 9),
(4933, '2931', 9),
(4934, '2932', 9),
(4935, '2933', 9),
(4936, '2934', 9),
(4937, '2935', 9),
(4938, '2936', 10),
(4939, '2937', 10),
(4940, '2938', 10),
(4941, '2939', 10),
(4942, '2940', 10),
(4943, '2941', 10),
(4944, '2942', 10),
(4945, '2943', 10),
(4946, '2944', 10),
(4947, '2945', 10),
(4948, '2946', 10),
(4949, '2947', 10),
(4950, '2948', 10),
(4951, '2949', 10),
(4952, '2950', 10),
(4953, '2951', 10),
(4954, '2952', 10),
(4955, '2953', 10),
(4956, '2954', 10),
(4957, '2955', 10),
(4958, '2956', 10),
(4959, '2957', 10),
(4960, '2958', 10),
(4961, '2959', 10),
(4962, '2960', 10),
(4963, '2961', 10),
(4964, '2962', 10),
(4965, '2963', 10),
(4966, '2964', 10),
(4967, '2965', 10),
(4968, '2966', 10),
(4969, '2967', 10),
(4970, '2968', 10),
(4971, '2969', 10),
(4972, '2970', 10),
(4973, '2971', 10),
(4974, '2972', 10),
(4975, '2973', 10),
(4976, '2974', 10),
(4977, '2975', 10),
(4978, '2976', 10),
(4979, '2977', 10),
(4980, '2978', 10),
(4981, '2979', 10),
(4982, '2980', 10),
(4983, '2981', 10),
(4984, '2982', 10),
(4985, '2983', 10),
(4986, '2984', 10),
(4987, '2985', 10),
(4988, '2986', 10),
(4989, '2987', 10),
(4990, '2988', 10),
(4991, '2989', 10),
(4992, '2990', 10),
(4993, '2991', 10),
(4994, '2992', 10),
(4995, '2993', 10),
(4996, '2994', 10),
(4997, '2995', 10),
(4998, '2996', 10),
(4999, '2997', 10),
(5000, '2998', 10),
(5001, '2999', 10),
(5002, '3000', 10),
(5003, '3001', 10),
(5004, '3002', 10),
(5005, '3003', 10),
(5006, '3004', 10),
(5007, '3005', 10),
(5008, '3006', 10),
(5009, '3007', 10),
(5010, '3008', 10),
(5011, '3009', 10),
(5012, '3010', 10),
(5013, '3011', 10),
(5014, '3012', 10),
(5015, '3013', 10),
(5016, '3014', 10),
(5017, '3015', 10),
(5018, '3016', 10),
(5019, '3017', 10),
(5020, '3018', 10),
(5021, '3019', 10),
(5022, '3020', 10),
(5023, '3021', 10),
(5024, '3022', 10),
(5025, '3023', 10),
(5026, '3024', 10),
(5027, '3025', 10),
(5028, '3026', 10),
(5029, '3027', 10),
(5030, '3028', 10),
(5031, '3029', 10),
(5032, '3030', 10),
(5033, '3031', 10),
(5034, '3032', 10),
(5035, '3033', 10),
(5036, '3034', 10),
(5037, '3035', 10),
(5038, '3036', 10),
(5039, '3037', 10),
(5040, '3038', 10),
(5041, '3039', 10),
(5042, '3040', 10),
(5043, '3041', 10);
INSERT INTO `aliments` (`id`, `nom`, `id_type`) VALUES
(5044, '3042', 10),
(5045, '3043', 10),
(5046, '3044', 10),
(5047, '3045', 10),
(5048, '3046', 10),
(5049, '3047', 10),
(5050, '3048', 10),
(5051, '3049', 10),
(5052, '3050', 10),
(5053, '3051', 10),
(5054, '3052', 10),
(5055, '3053', 10),
(5056, '3054', 10),
(5057, '3055', 10),
(5058, '3056', 10),
(5059, '3057', 10),
(5060, '3058', 10),
(5061, '3059', 10),
(5062, '3060', 10),
(5063, '3061', 10),
(5064, '3062', 10),
(5065, '3063', 10),
(5066, '3064', 10),
(5067, '3065', 10),
(5068, '3066', 10),
(5069, '3067', 10),
(5070, '3068', 10),
(5071, '3069', 10),
(5072, '3070', 10),
(5073, '3071', 10),
(5074, '3072', 10),
(5075, '3073', 10),
(5076, '3074', 10),
(5077, '3075', 10),
(5078, '3076', 10),
(5079, '3077', 10),
(5080, '3078', 10),
(5081, '3079', 10),
(5082, '3080', 10),
(5083, '3081', 10),
(5084, '3082', 10),
(5085, '3083', 10),
(5086, '3084', 10),
(5087, '3085', 10),
(5088, '3086', 10),
(5089, '3087', 10),
(5090, '3088', 10),
(5091, '3089', 10),
(5092, '3090', 10),
(5093, '3091', 10),
(5094, '3092', 10),
(5095, '3093', 10),
(5096, '3094', 10),
(5097, '3095', 10),
(5098, '3096', 10),
(5099, '3097', 10),
(5100, '3098', 10),
(5101, '3099', 10),
(5102, '3100', 10),
(5103, '3101', 10),
(5104, '3102', 10),
(5105, '3103', 10),
(5106, '3104', 10),
(5107, '3105', 10),
(5108, '3106', 10),
(5109, '3107', 10),
(5110, '3108', 10),
(5111, '3109', 10),
(5112, '3110', 10),
(5113, '3111', 10),
(5114, '3112', 10),
(5115, '3113', 10),
(5116, '3114', 10),
(5117, '3115', 10),
(5118, '3116', 10),
(5119, '3117', 10),
(5120, '3118', 10),
(5121, '3119', 10),
(5122, '3120', 10),
(5123, '3121', 10),
(5124, '3122', 10),
(5125, '3123', 10),
(5126, '3124', 10),
(5127, '3125', 10),
(5128, '3126', 10),
(5129, '3127', 10),
(5130, '3128', 10),
(5131, '3129', 10),
(5132, '3130', 10),
(5133, '3131', 10),
(5134, '3132', 10),
(5135, '3133', 10),
(5136, '3134', 10),
(5137, '3135', 10),
(5138, '3136', 10),
(5139, '3137', 10),
(5140, '3138', 10),
(5141, '3139', 10),
(5142, '3140', 10),
(5143, '3141', 10),
(5144, '3142', 10),
(5145, '3143', 10),
(5146, '3144', 10),
(5147, '3145', 10),
(5148, '3146', 10),
(5149, '3147', 10),
(5150, '3148', 11),
(5151, '3149', 11),
(5152, '3150', 11),
(5153, '3151', 11),
(5154, '3152', 11),
(5155, '3153', 11),
(5156, '3154', 11),
(5157, '3155', 11),
(5158, '3156', 11),
(5159, '3157', 11),
(5160, '3158', 11),
(5161, '3159', 11),
(5162, '3160', 11),
(5163, '3161', 11),
(5164, '3162', 11),
(5165, '3163', 11),
(5166, '3164', 11),
(5167, '3165', 11),
(5168, '3166', 11),
(5169, '3167', 11),
(5170, '3168', 11),
(5171, '3169', 11),
(5172, '3170', 11),
(5173, '3171', 11),
(5174, '3172', 11),
(5175, '3173', 11),
(5176, '3174', 11),
(5177, '3175', 11),
(5178, '3176', 11),
(5179, '3177', 11),
(5180, '3178', 11),
(5181, '3179', 11),
(5182, '3180', 11),
(5183, '3181', 11),
(5184, '3182', 11),
(5185, '3183', 11),
(5186, '3184', 11),
(5187, '3185', 11),
(5188, '3186', 11);

-- --------------------------------------------------------

--
-- Structure de la table `besoin`
--

DROP TABLE IF EXISTS `besoin`;
CREATE TABLE IF NOT EXISTS `besoin` (
  `id_cat` int NOT NULL,
  `id_nut` int NOT NULL,
  `quantité` decimal(10,0) DEFAULT NULL,
  PRIMARY KEY (`id_cat`,`id_nut`),
  KEY `BESION_NUT` (`id_nut`)
) ENGINE=InnoDB DEFAULT CHARSET=utf8mb4 COLLATE=utf8mb4_general_ci;

-- --------------------------------------------------------

--
-- Structure de la table `catégorie`
--

DROP TABLE IF EXISTS `catégorie`;
CREATE TABLE IF NOT EXISTS `catégorie` (
  `id` int NOT NULL AUTO_INCREMENT,
  `nom` varchar(75) COLLATE utf8mb4_general_ci DEFAULT NULL,
  `poid_min` decimal(10,0) DEFAULT NULL,
  `poid_max` decimal(10,0) DEFAULT NULL,
  `age_min` int DEFAULT NULL,
  `age_max` int DEFAULT NULL,
  `id_niveau_spotif` int DEFAULT NULL,
  PRIMARY KEY (`id`),
  KEY `EST_DE_NIVEAU` (`id_niveau_spotif`)
) ENGINE=InnoDB AUTO_INCREMENT=7 DEFAULT CHARSET=utf8mb4 COLLATE=utf8mb4_general_ci;

--
-- Déchargement des données de la table `catégorie`
--

INSERT INTO `catégorie` (`id`, `nom`, `poid_min`, `poid_max`, `age_min`, `age_max`, `id_niveau_spotif`) VALUES
(1, 'homme-faible', '50', '60', 40, 99, NULL),
(2, 'homme-moyen', '60', '70', 20, 40, NULL),
(3, 'homme-fort', '70', '80', 0, 20, NULL),
(4, 'femme-faible', '40', '50', 40, 99, NULL),
(5, 'femme-moyen', '50', '60', 20, 40, NULL),
(6, 'femme-fort', '60', '70', 0, 20, NULL);

-- --------------------------------------------------------

--
-- Structure de la table `compose`
--

DROP TABLE IF EXISTS `compose`;
CREATE TABLE IF NOT EXISTS `compose` (
  `id_alim` int NOT NULL,
  `id_comp` int NOT NULL,
  `pourcentage` decimal(10,0) DEFAULT NULL,
  PRIMARY KEY (`id_alim`,`id_comp`),
  KEY `HIERARCHIE2` (`id_comp`)
) ENGINE=InnoDB DEFAULT CHARSET=utf8mb4 COLLATE=utf8mb4_general_ci;

-- --------------------------------------------------------

--
-- Structure de la table `consomme`
--

DROP TABLE IF EXISTS `consomme`;
CREATE TABLE IF NOT EXISTS `consomme` (
  `id_alim` int NOT NULL,
  `id_user` int NOT NULL,
  `quantité` decimal(10,0) DEFAULT NULL,
  `date_consommation` date DEFAULT NULL,
  PRIMARY KEY (`id_alim`,`id_user`),
  KEY `MANGE` (`id_user`)
) ENGINE=InnoDB DEFAULT CHARSET=utf8mb4 COLLATE=utf8mb4_general_ci;

-- --------------------------------------------------------

--
-- Structure de la table `contient`
--

DROP TABLE IF EXISTS `contient`;
CREATE TABLE IF NOT EXISTS `contient` (
  `id_nut` int NOT NULL,
  `id_alim` int NOT NULL,
  `quantité` decimal(10,0) DEFAULT NULL,
  PRIMARY KEY (`id_nut`,`id_alim`),
  KEY `CONTIENT_ALIM` (`id_alim`)
) ENGINE=InnoDB DEFAULT CHARSET=utf8mb4 COLLATE=utf8mb4_general_ci;

-- --------------------------------------------------------

--
-- Structure de la table `niveau`
--

DROP TABLE IF EXISTS `niveau`;
CREATE TABLE IF NOT EXISTS `niveau` (
  `id` int NOT NULL AUTO_INCREMENT,
  `name` varchar(75) COLLATE utf8mb4_general_ci DEFAULT NULL,
  PRIMARY KEY (`id`)
) ENGINE=InnoDB AUTO_INCREMENT=4 DEFAULT CHARSET=utf8mb4 COLLATE=utf8mb4_general_ci;

--
-- Déchargement des données de la table `niveau`
--

INSERT INTO `niveau` (`id`, `name`) VALUES
(1, 'faible'),
(2, 'modéré'),
(3, 'fort');

-- --------------------------------------------------------

--
-- Structure de la table `nutriments`
--

DROP TABLE IF EXISTS `nutriments`;
CREATE TABLE IF NOT EXISTS `nutriments` (
  `id` int NOT NULL AUTO_INCREMENT,
  `nom` varchar(50) COLLATE utf8mb4_general_ci DEFAULT NULL,
  PRIMARY KEY (`id`)
) ENGINE=InnoDB DEFAULT CHARSET=utf8mb4 COLLATE=utf8mb4_general_ci;

-- --------------------------------------------------------

--
-- Structure de la table `type`
--

DROP TABLE IF EXISTS `type`;
CREATE TABLE IF NOT EXISTS `type` (
  `id` int NOT NULL AUTO_INCREMENT,
  `nom` varchar(75) COLLATE utf8mb4_general_ci DEFAULT NULL,
  PRIMARY KEY (`id`)
) ENGINE=InnoDB AUTO_INCREMENT=12 DEFAULT CHARSET=utf8mb4 COLLATE=utf8mb4_general_ci;

--
-- Déchargement des données de la table `type`
--

INSERT INTO `type` (`id`, `nom`) VALUES
(1, 'entrées et plats composés'),
(2, 'fruits légumes légumineuses et oléagineux'),
(3, 'produits céréaliers'),
(4, 'viandes œufs poissons et assimilés'),
(5, 'produits laitiers et assimilés'),
(6, 'eaux et autres boissons'),
(7, 'produits sucrés'),
(8, 'glaces et sorbets'),
(9, 'matières grasses'),
(10, 'aides culinaires et ingrédients divers'),
(11, 'aliments infantiles');

-- --------------------------------------------------------

--
-- Structure de la table `users`
--

DROP TABLE IF EXISTS `users`;
CREATE TABLE IF NOT EXISTS `users` (
  `id_user` int NOT NULL AUTO_INCREMENT,
  `login` varchar(50) COLLATE utf8mb4_general_ci DEFAULT NULL,
  `nom` varchar(50) COLLATE utf8mb4_general_ci DEFAULT NULL,
  `prenom` varchar(50) COLLATE utf8mb4_general_ci DEFAULT NULL,
  `sexe` tinyint(1) DEFAULT NULL,
  `age` int DEFAULT NULL,
  `id_cat` int DEFAULT NULL,
  PRIMARY KEY (`id_user`),
  KEY `EST_PART` (`id_cat`)
) ENGINE=InnoDB AUTO_INCREMENT=28 DEFAULT CHARSET=utf8mb4 COLLATE=utf8mb4_general_ci;

--
-- Déchargement des données de la table `users`
--

INSERT INTO `users` (`id_user`, `login`, `nom`, `prenom`, `sexe`, `age`, `id_cat`) VALUES
(1, 'william.nguyen@etu.imt-lille-douai.fr', 'NGUYEN', 'William', 0, 20, NULL),
(2, 'alexis.poirot@etu.imt-lille-douai.fr', 'POIROT', 'Alexis', 0, 21, NULL),
(3, 'antoine.lambert@etu.imt-lille-douai.fr', 'LAMBERT', 'Antoine', 0, 22, NULL),
(4, 'cedric.prast@etu.imt-lille-douai.fr', 'PRAST', 'Cédric', 0, 23, NULL),
(5, 'anthony.gouthier@etu.imt-lille-douai.fr', 'GOUTHIER', 'Anthony', 0, 24, NULL),
(6, 'johan.gaudin@etu.imt-lille-douai.fr', 'GAUDIN', 'Johan', 0, 25, NULL),
(7, 'guillaume.faure@etu.imt-lille-douai.fr', 'FAURE', 'Guillaume', 0, 26, NULL),
(8, 'hatim.hebboul@etu.imt-lille-douai.fr', 'HEBBOUL', 'Hatim', 0, 27, NULL),
(9, 'armand.sumo@etu.imt-lille-douai.fr', 'SUMO MOUDJIE TCHAMABE', 'Armand', 0, 28, NULL),
(10, 'mathis.jolivel@etu.imt-lille-douai.fr', 'JOLIVEL', 'Mathis', 0, 29, NULL),
(11, 'ezzat.al.zahabi@etu.imt-lille-douai.fr', 'AL ZAHABI', 'Ezzat', 0, 30, NULL),
(12, 'gaelle.erhart@etu.imt-lille-douai.fr', 'ERHART', 'Gaelle', 0, 31, NULL),
(13, 'lucas.arib@etu.imt-lille-douai.fr', 'ARIB', 'Lucas', 0, 32, NULL),
(14, 'hugo.lim@etu.imt-lille-douai.fr', 'LIM', 'Hugo', 0, 33, NULL),
(15, 'sacha.sicoli@etu.imt-lille-douai.fr', 'SICOLI', 'Sacha', 0, 34, NULL),
(16, 'emil.perouse@etu.imt-lille-douai.fr', 'PEROUSE', 'Emil', 0, 35, NULL),
(17, 'lea.grumiaux@etu.imt-lille-douai.fr', 'GRUMIAUX', 'Léa', 1, 36, NULL),
(18, 'pierre.martin@etu.imt-lille-douai.fr', 'MARTIN', 'Pierre', 0, 37, NULL),
(19, 'kanlanfaye.djamoine@etu.imt-lille-douai.fr', 'DJAMOINE', 'Kanlanfaye', 0, 38, NULL),
(20, 'tanguy.feenstra@etu.imt-lille-douai.fr', 'FEENSTRA', 'Tanguy', 0, 39, NULL),
(21, 'maxime.de.veyrac@etu.imt-lille-douai.fr', 'DE VEYRAC', 'Maxime', 0, 40, NULL),
(22, 'mekki.ben.hamidouche@etu.imt-lille-douai.fr', 'BEN HAMIDOUCHE', 'Mekki', 0, 41, NULL),
(23, 'julia.zink@etu.imt-lille-douai.fr', 'ZINK', 'Julia', 1, 42, NULL),
(24, 'alexandre.favreau@etu.imt-lille-douai.fr', 'FAVREAU', 'Alexandre', 0, 43, NULL),
(25, 'nilavan.deva@etu.imt-lille-douai.fr', 'DEVA', 'Nilavan', 1, 44, NULL);

--
-- Contraintes pour les tables déchargées
--

--
-- Contraintes pour la table `aliments`
--
ALTER TABLE `aliments`
  ADD CONSTRAINT `APPARTIENT` FOREIGN KEY (`id_type`) REFERENCES `type` (`id`) ON DELETE RESTRICT ON UPDATE RESTRICT;

--
-- Contraintes pour la table `besoin`
--
ALTER TABLE `besoin`
  ADD CONSTRAINT `BESION_CAT` FOREIGN KEY (`id_cat`) REFERENCES `catégorie` (`id`) ON DELETE RESTRICT ON UPDATE RESTRICT,
  ADD CONSTRAINT `BESION_NUT` FOREIGN KEY (`id_nut`) REFERENCES `nutriments` (`id`) ON DELETE RESTRICT ON UPDATE RESTRICT;

--
-- Contraintes pour la table `catégorie`
--
ALTER TABLE `catégorie`
  ADD CONSTRAINT `EST_DE_NIVEAU` FOREIGN KEY (`id_niveau_spotif`) REFERENCES `niveau` (`id`) ON DELETE RESTRICT ON UPDATE CASCADE;

--
-- Contraintes pour la table `compose`
--
ALTER TABLE `compose`
  ADD CONSTRAINT `HIERARCHIE1` FOREIGN KEY (`id_alim`) REFERENCES `aliments` (`id`) ON DELETE RESTRICT ON UPDATE CASCADE,
  ADD CONSTRAINT `HIERARCHIE2` FOREIGN KEY (`id_comp`) REFERENCES `aliments` (`id`) ON DELETE RESTRICT ON UPDATE CASCADE;

--
-- Contraintes pour la table `consomme`
--
ALTER TABLE `consomme`
  ADD CONSTRAINT `EST_MANGER` FOREIGN KEY (`id_alim`) REFERENCES `aliments` (`id`) ON DELETE RESTRICT ON UPDATE CASCADE,
  ADD CONSTRAINT `MANGE` FOREIGN KEY (`id_user`) REFERENCES `users` (`id_user`) ON DELETE RESTRICT ON UPDATE CASCADE;

--
-- Contraintes pour la table `contient`
--
ALTER TABLE `contient`
  ADD CONSTRAINT `CONTIENT_ALIM` FOREIGN KEY (`id_alim`) REFERENCES `aliments` (`id`) ON DELETE RESTRICT ON UPDATE RESTRICT,
  ADD CONSTRAINT `CONTIENT_NUT` FOREIGN KEY (`id_nut`) REFERENCES `nutriments` (`id`) ON DELETE RESTRICT ON UPDATE RESTRICT;

--
-- Contraintes pour la table `users`
--
ALTER TABLE `users`
  ADD CONSTRAINT `EST_PART` FOREIGN KEY (`id_cat`) REFERENCES `catégorie` (`id`) ON DELETE RESTRICT ON UPDATE CASCADE;
COMMIT;

/*!40101 SET CHARACTER_SET_CLIENT=@OLD_CHARACTER_SET_CLIENT */;
/*!40101 SET CHARACTER_SET_RESULTS=@OLD_CHARACTER_SET_RESULTS */;
/*!40101 SET COLLATION_CONNECTION=@OLD_COLLATION_CONNECTION */;
